"last_name, first_name","player_id","year","pa","home_run","k_percent","bb_percent","p_hit_by_pitch","xba","xslg","sl_avg_speed","sl_avg_spin","ch_avg_speed","ch_avg_spin","cu_avg_speed","cu_avg_spin","si_avg_speed","si_avg_spin"
"Colon, Bartolo","112526","2018","628","32",12.9,4,"3",".300",".525","80.5","2388","80.8","1657",,,"86.9","2136"
"Sabathia, CC","282332","2018","665","19",21.1,7.7,"11",".219",".352","80","2250","83.4","1878",,,"90.1","2027"
"Greinke, Zack","425844","2018","839","28",23.7,5.1,"6",".245",".406","83.4","2540","86.5","1738","71.2","2476","90","2278"
"Hamels, Cole","430935","2018","805","29",23.4,8.1,"19",".255",".423","85","2115","83.4","1652","78.8","2197","91.4","2076"
"Hernandez, Felix","433587","2018","684","27",18.3,8.6,"12",".267",".463","82.5","2264","84.9","1701","78.9","2357","89.2","1997"
"Verlander, Justin","434378","2018","833","28",34.8,4.4,"8",".184",".309","86.5","2684","87.4","1899","79.6","2894",,
"Liriano, Francisco","434538","2018","586","19",18.8,12.5,"5",".263",".442","84.5","2245","85.4","1717","77","2308","92","2024"
"Hammel, Jason","434628","2018","582","18",15.8,6.7,"3",".299",".508","85.1","2527","84.7","1657","77","2346","91.7","2036"
"Sánchez, Aníbal","434671","2018","553","15",24.4,7.6,"4",".210",".342","83.3","2346","71","1355","77.9","2156","91.1","2156"
"Kluber, Corey","446372","2018","842","25",26.4,4,"3",".227",".369",,,"85.2","1751","83.8","2607","92","2268"
"Hill, Rich","448179","2018","547","20",27.4,7.5,"8",".226",".402","78.7","2522","83.9","1857","74.6","2886","86.8","2415"
"Shields, James","448306","2018","871","34",17.7,9,"9",".262",".465",,,"83.4","1665","78.2","2478","89","2178"
"Guerra, Junior","448855","2018","610","19",22.3,9,"4",".241",".394","83.8","2296",,,"82.2","2561","93.4","2124"
"Morton, Charlie","450203","2018","695","18",28.9,9.2,"16",".205",".326",,,,,"79.7","2923","95.1","2109"
"Lester, Jon","452657","2018","761","24",19.6,8.4,"6",".268",".449",,,"84.9","1805","74.8","2571","90.2","2073"
"Kennedy, Ian","453178","2018","518","20",20.3,7.7,"1",".260",".483","87.1","2078","85","1951","78.2","2616","91.6","2320"
"LeBlanc, Wade","453281","2018","662","24",19.6,6,"3",".251",".431","77.7","2072","77.7","1522","72.5","2206","86.3","1878"
"Scherzer, Max","453286","2018","866","23",34.6,5.9,"12",".185",".316","85.2","2386","83.9","1457","78.4","2512",,
"Richard, Clayton","453385","2018","682","19",15.8,8.8,"10",".277",".446","80.8","2285","84.3","1674",,,"90","2138"
"Arrieta, Jake","453562","2018","722","21",19.1,7.9,"7",".249",".392","89.4","2466","88","1650","80.7","2771","93","2241"
"Price, David","456034","2018","722","25",24.5,6.9,"10",".240",".409",,,"85.3","1719","79.1","2207","92.7","2172"
"Happ, J.A.","457918","2018","732","27",26.4,7,"9",".226",".400","85.3","2187","86","1619","75.9","2130","90.4","2140"
"Lynn, Lance","458681","2018","700","14",23,10.9,"6",".240",".364",,,"85.3","1611","80","2221","92.3","2218"
"Gonzalez, Gio","461829","2018","746","17",19.8,10.7,"2",".255",".412",,,"82.7","1631","75.7","2715","89.3","2120"
"Estrada, Marco","462136","2018","627","29",16.4,8,"2",".245",".454",,,"76.8","2021","76.6","2620",,
"Nova, Iván","467100","2018","683","26",16.7,5.1,"4",".267",".463",,,"86.5","2018","80.6","2250","92.7","2168"
"Chacín, Jhoulys","468504","2018","796","18",19.6,8.9,"11",".246",".402","79.3","2367","82.7","1387","73.3","2365","90.2","2026"
"Carrasco, Carlos","471911","2018","784","21",29.5,5.5,"6",".228",".371","83.9","2645","88","1507","81.6","2825","93","2205"
"Ross, Tyson","475115","2018","634","17",19.2,9.8,"7",".251",".401","84.6","2663","86.6","2148",,,"91","2490"
"Kershaw, Clayton","477132","2018","649","17",23.9,4.5,"2",".237",".368","88.1","2532","84.8","2181","72.9","2450","91.1","2472"
"Cashner, Andrew","488768","2018","681","25",14.5,9.5,"3",".285",".469","85.7","2155","83.7","1472","81","2307","91.9","2048"
"Quintana, Jose","500779","2018","739","25",21.4,9.2,"3",".246",".414",,,"86.3","1275","76.1","2175","91.5","1980"
"Minor, Mike","501985","2018","640","25",20.6,5.9,"8",".242",".445","87.3","2580","85.8","2197","80.5","2443","92.7","2516"
"Archer, Chris","502042","2018","638","19",25.4,7.7,"6",".249",".413","87.9","2555","87.6","1724","81.9","2614","94.8","2210"
"Gibson, Kyle","502043","2018","826","23",21.7,9.6,"4",".251",".392","85.4","2472","85.6","1696","80.7","2471","92.9","2086"
"Cobb, Alex","502171","2018","661","24",15.4,6.5,"4",".275",".457",,,,,"81.6","2570","91.9","2120"
"Leake, Mike","502190","2018","783","23",15.2,4.3,"6",".297",".471","80.2","2447","83.7","1769","78.4","2560","88.8","2006"
"Anderson, Chase","502624","2018","644","30",19.9,8.9,"7",".244",".436",,,"82.1","2247","76.7","2220","91.9","2108"
"Holland, Derek","502706","2018","727","19",23.2,9.2,"4",".239",".401","80.9","2178","82.9","2125","78.4","2076","91.5","2353"
"Bettis, Chad","518452","2018","518","18",15.4,9.1,"5",".263",".448",,,"86","1377","75.6","2224","91.3","1808"
"Bumgarner, Madison","518516","2018","551","14",19.8,7.8,"5",".249",".426",,,"83.5","1458","77.4","2297","90.6","2070"
"Duffy, Danny","518633","2018","692","23",20.4,10.1,"4",".263",".452","83.3","2330","83.6","2412","76.2","2366","93.3","2227"
"Harvey, Matt","518774","2018","663","27",19.8,5.6,"6",".249",".434","88.5","2392","87.1","1805","82.9","2530","94.2","2151"
"Porcello, Rick","519144","2018","808","27",23.5,5.9,"16",".243",".403","86","2555","81.4","1760","74.8","2824","89.8","2352"
"Sale, Chris","519242","2018","617","11",38.4,5.5,"14",".166",".285","79.7","2496","87","2045",,,"93.2","2218"
"Zimmermann, Jordan","519455","2018","556","28",20,4.7,"2",".257",".467","86.7","2357","86.6","1881","80.4","2387","90.8","2166"
"Teheran, Julio","527054","2018","724","26",22.4,11.6,"9",".230",".407","80.2","2582","82.6","1615","72.5","2670","89.4","2154"
"Anderson, Tyler","542881","2018","736","30",22.3,7.9,"3",".229",".375",,,"81.2","1901","73.7","2336","91.1","2195"
"Cole, Gerrit","543037","2018","799","19",34.5,8,"7",".198",".337","88.7","2571","87.7","1667","82.5","2842","96.3","2315"
"Gaviglio, Sam","543208","2018","548","21",19.2,6.9,"4",".265",".435","83","2137","82.8","1473","77.9","2122","88","2040"
"Gray, Sonny","543243","2018","582","14",21.1,9.8,"8",".249",".385","84.6","2694","88.5","2014","82","2860","93","2312"
"Hendricks, Kyle","543294","2018","812","22",19.8,5.4,"9",".243",".388",,,"78.6","2090","71.8","2795","86.6","1947"
"Montgomery, Mike","543557","2018","534","10",16.1,7.3,"7",".273",".406",,,"83.1","1790","77.2","2302","91.5","1874"
"Odorizzi, Jake","543606","2018","711","20",22.8,9.8,"8",".245",".425","83.3","2202",,,"72.6","2290",,
"Roark, Tanner","543699","2018","760","24",19.2,6.6,"10",".255",".418","85","2286","83.4","1731","74.7","2744","91.4","2048"
"Strasburg, Stephen","544931","2018","544","18",28.7,7,"8",".230",".398","87.6","2275","88","1689","81.6","2729","93.9","2038"
"Bauer, Trevor","545333","2018","717","9",30.8,7.9,"9",".197",".307","83.1","2689","87","1852","79.1","2601","94.4","2317"
"Tanaka, Masahiro","547888","2018","635","25",25,5.5,"7",".242",".408","83.4","2405",,,"76.9","2429","90.6","1956"
"Stripling, Ross","548389","2018","503","18",27,4.4,"1",".221",".361","87","2362","84.4","1602","80.4","2652",,
"Wheeler, Zack","554430","2018","744","14",24.1,7.4,"9",".219",".334",,,"88.1","1788","79.3","2556","96.1","2240"
"Ureña, José","570632","2018","712","19",18.3,7.2,"12",".249",".393","86.4","2242","89.9","1813","84.8","2278","95.8","2124"
"Boyd, Matthew","571510","2018","709","27",22.4,7.2,"11",".209",".370","80.5","2322","78.6","1760","72.1","2276","90.1","2281"
"Corbin, Patrick","571578","2018","800","15",30.8,6,"5",".232",".361","81.7","2389","81","1710","72.5","2089","90.8","2215"
"Fiers, Mike","571666","2018","714","32",19.5,5.2,"8",".254",".480","85.2","2390","83.3","1894","72.4","2771","89.2","2239"
"Heaney, Andrew","571760","2018","749","27",24,6,"8",".244",".408",,,"83.3","1931","78.6","2383","91.9","2467"
"Matz, Steven","571927","2018","654","25",23.2,8.9,"10",".227",".375","88.2","2081","84.1","2224","78.5","2396","93.4","2069"
"Mikolas, Miles","571945","2018","808","16",18.1,3.6,"7",".245",".379","88","2361","88.4","1680","78.5","2613","93.5","2218"
"Paxton, James","572020","2018","645","23",32.2,6.5,"1",".220",".383",,,"86.5","2022","81.1","1949",,
"Skaggs, Tyler","572140","2018","533","14",24.2,7.5,"5",".242",".383",,,"84.2","1754","74.7","2675","90.8","2190"
"Keuchel, Dallas","572971","2018","874","18",17.5,6.6,"2",".246",".362","78.7","2190","79.6","1544",,,"89.1","2040"
"Straily, Dan","573185","2018","518","20",19.1,10,"7",".266",".475","83.7","2570","83.5","1493","75","2694","90.3","2247"
"Covey, Dylan","592229","2018","541","13",16.8,9.4,"2",".265",".414","86.8","2226","83.7","1649","81.2","2382","94.1","2035"
"Foltynewicz, Mike","592314","2018","743","17",27.2,9.2,"6",".202",".330","86.7","2518","87.8","1909","80","2499","96.5","2248"
"Gausman, Kevin","592332","2018","776","26",19.1,6.4,"7",".269",".446","81.4","2210","82","1701",,,,
"Gray, Jon","592351","2018","742","27",24.7,7,"6",".246",".392","87.8","2182","86.3","1557","79.6","2457","95","1883"
"Ray, Robbie","592662","2018","526","19",31.4,13.3,"5",".217",".362","84.5","2084",,,"82.6","2025","93.8","2241"
"Syndergaard, Noah","592789","2018","644","9",24.1,6.1,"7",".228",".312","92","2094","90.3","1638","83.1","2252","97.3","2152"
"Taillon, Jameson","592791","2018","785","20",22.8,5.9,"6",".238",".373","89.8","2393","87.9","1709","82.2","2649","95.2","2223"
"Velasquez, Vince","592826","2018","630","16",25.6,9.4,"8",".227",".350","84.9","2335","87.8","1642","81.4","2406","92.5","2001"
"Williams, Trevor","592866","2018","701","15",18,7.8,"4",".248",".395","81.4","2203","83.2","1681","75.5","1979","88.6","1874"
"Martinez, Carlos","593372","2018","521","5",22.5,11.5,"11",".217",".329","83.5","2156","86.8","1899","78.7","2037","92.6","2041"
"Rodriguez, Eduardo","593958","2018","553","16",26.4,8.1,"4",".228",".385","83.6","2204","87.4","2074",,,"93.2","2199"
"deGrom, Jacob","594798","2018","835","10",32.2,5.5,"5",".200",".289","91.1","2496","89","1700","82.7","2564","95.5","2257"
"Gonzales, Marco","594835","2018","686","17",21.1,4.7,"6",".262",".406",,,"83.6","2206","78.1","2450",,
"Junis, Jakob","596001","2018","758","32",21.6,5.7,"15",".248",".432","82.2","2474","84.7","1488","79.1","2364","90.6","1978"
"Weaver, Luke","596133","2018","609","19",19.9,8.9,"3",".259",".427",,,"85.4","1700","80.8","2218","92.1","1934"
"Pivetta, Nick","601713","2018","694","24",27.1,7.3,"5",".222",".375","84.9","2475","87.1","1863","80","2837","94.7","2192"
"Bundy, Dylan","605164","2018","750","41",24.5,7.2,"6",".244",".440","81.4","2482","83.7","1740","74.5","2220","91.5","2273"
"Clevinger, Mike","605182","2018","809","21",25.6,8.3,"4",".214",".354","79.5","2386","87.6","1500","75.4","2195",,
"Fulmer, Michael","605242","2018","558","19",19.7,8.2,"5",".262",".433","85.7","2521","88","1716",,,"95.7","2113"
"Nola, Aaron","605400","2018","831","17",27,7,"7",".202",".314",,,"84.8","1478","78","2545","91.4","2057"
"Snell, Blake","605483","2018","700","16",31.6,9.1,"1",".202",".341","88","2399","87.5","1777","81.3","2517",,
"Suárez, Andrew","605498","2018","665","23",19.5,6.8,"3",".263",".449","88.5","2164","85.9","1711","76.8","2433","92","1986"
"Rodón, Carlos","607074","2018","510","15",17.6,10.8,"12",".225",".371","85.4","2495","85.1","1767",,,"93.3","2149"
"Romano, Sal","607219","2018","644","23",16.3,8.2,"4",".269",".450","86.8","2337","87.7","1669","82.5","2400","94.1","2043"
"Freeland, Kyle","607536","2018","844","17",20.5,8.3,"6",".238",".373","85.8","2194","85.5","1393","79.9","2217","90.6","2212"
"Giolito, Lucas","608337","2018","775","27",16.1,11.6,"15",".255",".432","83.9","2015","81.7","1651","78.6","2359","92.4","2003"
"Márquez, Germán","608566","2018","815","24",28.2,7,"8",".224",".355","85.5","2349","85.7","1730","82","2689","94.1","2154"
"Stratton, Chris","608717","2018","625","19",17.9,8.6,"2",".283",".474","83.5","2798","84","1933","77.7","3109","90.7","2376"
"Chen, Wei-Yin","612672","2018","572","19",19.4,8.2,"1",".227",".368","84.9","2195","83","1461","73.3","2213","90.6","1968"
"Eflin, Zach","621107","2018","548","16",22.4,6.8,"3",".235",".382","85.9","2269","86.6","1730","77.6","2393","93","2056"
"Buehler, Walker","621111","2018","541","12",27.9,6.8,"6",".202",".311","87.1","2761","90.1","1690","80.2","2757","96.1","2300"
"McCullers Jr., Lance","621121","2018","527","12",26.9,9.5,"7",".220",".362",,,"87.3","1886","85.8","2790","94.2","2259"
"Berríos, José","621244","2018","797","25",25.3,7.7,"13",".223",".366",,,"83.7","1633","72.2","2293","92.8","2145"
"Blach, Ty","621389","2018","512","8",14.6,8,"1",".280",".413","78.8","2388","79.8","1988","75.7","2456","90","2124"
"Wood, Alex","622072","2018","637","14",21.2,6.3,"8",".240",".366",,,"83.7","1668","82.4","2049","89.9","1921"
"Castillo, Luis","622491","2018","708","28",23.3,6.9,"5",".244",".426","83.6","2206","86.2","1931",,,"95.6","2102"
"Severino, Luis","622663","2018","780","19",28.2,5.9,"5",".239",".393","88.1","2872","88.1","1648",,,,
"López, Reynaldo","625643","2018","799","25",18.9,9.4,"10",".253",".433","83.9","2119","83.6","1541","75.9","2065","93.5","2021"
"Maeda, Kenta","628317","2018","532","13",28.8,8.1,"5",".223",".358","84.1","2500",,,"77.3","2592","91.2","2178"
"Manaea, Sean","640455","2018","654","21",16.5,4.9,"8",".262",".452","78.1","1889","82.4","1179","75.9","2052","90.4","1983"
"Keller, Brad","641745","2018","583","7",16.5,8.6,"2",".247",".357","85.6","2470","88.5","1949",,,"93.1","2092"
"Lauer, Eric","641778","2018","504","15",19.8,9.1,"6",".260",".413","82.1","2258","84.7","1710","74.6","2233",,
"Mahle, Tyler","641816","2018","506","22",21.7,10.5,"3",".263",".437","83.3","2511","83.4","1584","76.2","2363",,
"Yarbrough, Ryan","642232","2018","628","18",20.4,8,"8",".253",".406",,,"81.2","2069","76.6","2397","89.3","2018"
"Barria, Jaime","642545","2018","537","17",18.2,8.8,"6",".248",".426","81.8","2276","82.6","1507",,,"90.9","2163"
"Godley, Zack","643327","2018","791","16",23.4,10.2,"12",".255",".403",,,"81.1","1287","81.4","2178","89.9","2234"
"Flaherty, Jack","656427","2018","615","20",29.6,9.6,"11",".203",".325","83.6","2234","85.3","1677","77.2","2410","91.1","1989"
"Newcomb, Sean","656794","2018","696","18",23,11.6,"1",".221",".348","80.5","2583","86.3","1619","76.8","2713",,
"Lucchesi, Joey","664192","2018","548","23",26.5,7.8,"4",".244",".431",,,,,"79.2","2055","90.4","2235"
"Richards, Trevor","670950","2018","547","15",23.8,9.9,"5",".244",".405","80.5","2038","82.9","2243",,,,
"Wainwright, Adam","425794","2019","745","22",20.5,8.6,"8",".265",".429",,,"83.9","1769","74.9","2752","90","2171"
"Greinke, Zack","425844","2019","810","21",23.1,3.7,"4",".238",".389","83.7","2517","87.4","1780","70.6","2446","90.4","2253"
"Hamels, Cole","430935","2019","617","17",23.2,9.1,"7",".247",".417",,,"83.3","1713","78","2040","91.1","2034"
"Verlander, Justin","434378","2019","847","36",35.4,5,"6",".186",".346","87.5","2612","86.9","1866","79.4","2821",,
"Sánchez, Aníbal","434671","2019","712","22",18.8,8.1,"4",".251",".421","83.2","2306","70.7","1421","76.9","2113","90.4","2134"
"Morton, Charlie","450203","2019","790","15",30.4,7.2,"12",".216",".337",,,,,"78.6","2886","93.9","2102"
"Vargas, Jason","450306","2019","649","21",19.1,9.7,"6",".243",".443",,,"78.7","2208","70.6","2433","84.2","2203"
"Lester, Jon","452657","2019","764","26",21.6,6.8,"5",".274",".456",,,"84.3","1939","74.5","2606","89.5","2143"
"LeBlanc, Wade","453281","2019","532","28",17.3,5.8,"1",".280",".491",,,"78.6","1544","72.5","2272","86.1","1888"
"Scherzer, Max","453286","2019","693","18",35.1,4.8,"7",".203",".336","85.6","2365","84.3","1551","78.5","2719",,
"Arrieta, Jake","453562","2019","594","21",18.5,8.6,"7",".266",".446","89.7","2363","87.5","1730","80.6","2766","92.5","2196"
"Bailey, Homer","456701","2019","696","21",21.4,7.6,"4",".262",".416","87.3","1837",,,"78.4","1925","92.7","2031"
"Happ, J.A.","457918","2019","678","34",20.6,7.2,"5",".258",".461","84.8","2191","86","1715","81","2205","89.6","2103"
"Lynn, Lance","458681","2019","875","21",28.1,6.7,"8",".222",".372",,,"86.9","1811","81.2","2352","92.8","2308"
"Nova, Iván","467100","2019","806","30",14.1,5.8,"9",".295",".477",,,"86.2","2000","79.9","2258","92.3","2162"
"Anderson, Brett","474463","2019","743","20",12.1,6.6,"4",".283",".480","81.9","2384","82.6","1481","75.6","2393","90.7","1799"
"Kershaw, Clayton","477132","2019","706","28",26.8,5.8,"2",".230",".393","86.9","2668","85.2","2210","73.5","2463",,
"Cashner, Andrew","488768","2019","636","19",17,9.1,"4",".262",".466","85.7","2255","84.5","1545","80.6","2349","91.9","2048"
"Miley, Wade","489119","2019","720","23",19.4,8.5,"5",".245",".383","81.7","2398","81.2","1869","75.6","2428","89.5","2056"
"Quintana, Jose","500779","2019","745","20",20.4,6.2,"2",".273",".434",,,"86.5","1287","76.9","2211","91.3","1978"
"Pineda, Michael","501381","2019","600","23",23.3,4.7,"5",".252",".443","83.9","2012","87.1","1864",,,"91.9","1953"
"Minor, Mike","501985","2019","863","30",23.2,7.9,"7",".228",".389","86.4","2737","86.2","2287","80.7","2534",,
"Archer, Chris","502042","2019","526","25",27.2,10.5,"4",".259",".476","88.7","2613","87.7","1642","82.3","2678","93.9","2239"
"Gibson, Kyle","502043","2019","706","23",22.7,7.9,"7",".269",".437","84.1","2469","85.3","1660","80.1","2482","93.2","2098"
"Samardzija, Jeff","502188","2019","740","28",18.9,6.6,"6",".253",".465","84.6","2449",,,"76.3","2498","92.2","2480"
"Leake, Mike","502190","2019","835","41",15.2,3.2,"10",".294",".519","80.3","2506","84","1719","79.3","2572","88.3","2023"
"Anderson, Chase","502624","2019","592","23",20.9,8.4,"8",".244",".421",,,"82.7","2311","77.8","2171","93.3","2167"
"Darvish, Yu","506433","2019","731","33",31.3,7.7,"11",".223",".398","86.2","2694","82.3","1234","77.1","2617","94.1","2480"
"Bumgarner, Madison","518516","2019","844","30",24.1,5.1,"10",".254",".459",,,"84.2","1638","78.8","2645","92.2","2400"
"Duffy, Danny","518633","2019","555","21",20.7,8.3,"8",".260",".467","84","2310","83.8","2295","76.1","2346","92.1","2181"
"Kelly, Merrill","518876","2019","777","29",20.3,7.3,"2",".271",".493",,,"86","2108","80.6","2683","91.5","2313"
"Porcello, Rick","519144","2019","768","31",18.6,5.9,"6",".263",".482","84.3","2555","80.8","1600","74.9","2810","89.5","2289"
"Sale, Chris","519242","2019","612","24",35.6,6,"13",".213",".380","79","2492","85.2","1965",,,"92.2","2293"
"Zimmermann, Jordan","519455","2019","504","19",16.3,5,"6",".297",".522","85.8","2288","87.1","1708","80.2","2372","90.3","2201"
"Pérez, Martín","527048","2019","737","23",18.3,9.1,"3",".245",".385",,,"85.3","1795","79.2","2637","93.9","2051"
"Teheran, Julio","527054","2019","754","22",21.5,11,"14",".240",".416","82.2","2603","83.6","1704","74.8","2762","89.3","2264"
"Cole, Gerrit","543037","2019","817","29",39.9,5.9,"3",".181",".315","89.2","2622","88.6","1870","82.6","2901","97.1","2508"
"DeSclafani, Anthony","543101","2019","696","29",24,7,"4",".233",".401","89.4","2315","88.5","1535","83.3","2048","94.5","2086"
"Gray, Sonny","543243","2019","708","17",29,9.6,"7",".209",".354","84.4","2788","89.8","2040","81.9","2991","93.2","2451"
"Hendricks, Kyle","543294","2019","730","19",20.5,4.4,"9",".248",".393",,,"78.6","2115","71.4","2784","86.7","1959"
"Lyles, Jordan","543475","2019","599","25",24.4,9.2,"1",".233",".426","87.5","2333","85.6","1549","80.6","2491","91.7","2135"
"Odorizzi, Jake","543606","2019","658","16",27.1,8.1,"4",".230",".400",,,,,"75.4","2253",,
"Roark, Tanner","543699","2019","722","28",21.9,7.1,"13",".269",".466","86.3","2255","84.1","1701","75.7","2746","91.9","2087"
"Strasburg, Stephen","544931","2019","841","24",29.8,6.7,"10",".211",".337","87.8","2250","87.7","1679","81.2","2773","93.7","2129"
"Bauer, Trevor","545333","2019","911","34",27.8,9,"19",".223",".402",,,"86","1704","79.1","2548","94.8","2343"
"Tanaka, Masahiro","547888","2019","759","28",19.6,5.3,"2",".261",".434","83.3","2391",,,"76.1","2391","90.4","1916"
"Ryu, Hyun Jin","547943","2019","723","17",22.5,3.3,"4",".249",".370","80.7","2337","80","1487","72.7","2573","90.1","2021"
"Wheeler, Zack","554430","2019","828","22",23.6,6,"2",".245",".393",,,"88.9","1827","80.7","2648","96.5","2256"
"Boyd, Matthew","571510","2019","788","39",30.2,6.3,"8",".224",".412","79.6","2377","79.1","1959","72.2","2248","90.3","2356"
"Corbin, Patrick","571578","2019","835","24",28.5,8.4,"3",".228",".414","81.7","2398","81.8","1646","67.8","1989","91.8","2195"
"Fiers, Mike","571666","2019","754","30",16.7,7,"9",".260",".463","85.8","2481","84.1","1933","74","2781","90.2","2256"
"Matz, Steven","571927","2019","691","27",22.1,7.5,"7",".255",".450","89.5","2069","84.3","2301","78.5","2448","93.3","2102"
"Mikolas, Miles","571945","2019","764","27",18.8,4.2,"12",".278",".451","87","2327","87.7","1667","78.3","2588","93.4","2229"
"Paxton, James","572020","2019","633","23",29.4,8.7,"2",".221",".379",,,"86.2","2073","81.1","2013",,
"Stroman, Marcus","573186","2019","774","18",20.5,7.5,"1",".242",".370",,,"87","1927","75.2","2681","92.5","2345"
"Kikuchi, Yusei","579328","2019","721","36",16.1,6.9,"6",".278",".477","86","2220","84.5","1772","75","2527",,
"Gray, Jon","592351","2019","637","19",23.5,8.8,"4",".268",".426","88.3","2220","86.7","1559","78.6","2518","95.4","1799"
"Ray, Robbie","592662","2019","747","30",31.5,11.2,"5",".228",".428","84.2","2145",,,"81.6","2045","92.2","2182"
"Sampson, Adrian","592716","2019","563","29",17.9,6.4,"9",".293",".540","83.9","2595","87.4","1856","79.3","2516","92.5","2016"
"Sanchez, Aaron","592717","2019","605","20",19,11.2,"11",".261",".435",,,"88","1811","78.4","2841","93.8","2241"
"Smith, Caleb","592761","2019","646","33",26,9.3,"6",".226",".460","83.5","2297","82.6","1918",,,,
"Smyly, Drew","592767","2019","514","32",23.3,10.7,"2",".262",".516",,,"82.4","1187","77.4","1950","91.2","2084"
"Syndergaard, Noah","592789","2019","824","24",24.5,5.9,"6",".230",".365","89.1","2178","91.1","1687","80.4","2275","97.5","2106"
"Velasquez, Vince","592826","2019","516","26",25.2,8.3,"9",".248",".466","86.4","2467",,,"83.1","2475","92","2025"
"Williams, Trevor","592866","2019","636","27",17.8,6.9,"7",".271",".478","82.9","2202","83.6","1814","76.7","2259","89.6","1937"
"Germán, Domingo","593334","2019","594","30",25.8,6.6,"5",".243",".444",,,"87","2414","81.7","2599","94","2420"
"Rodriguez, Eduardo","593958","2019","859","24",24.8,8.7,"7",".223",".375","85.2","2211","87.7","2049","82.4","2285","93","2142"
"deGrom, Jacob","594798","2019","804","19",31.7,5.5,"7",".201",".319","92.5","2454","90.3","1702","84.3","2567","96.7","2281"
"Gonzales, Marco","594835","2019","866","23",17,6.5,"6",".254",".407",,,"81.2","2171","76.3","2346",,
"Beede, Tyler","595881","2019","523","22",21.6,8.8,"5",".263",".471","86.3","2199","83.9","1600","80.3","2292","95.6","2260"
"Junis, Jakob","596001","2019","771","31",21.3,7.5,"11",".270",".480","82.4","2522","84.6","1336","79.3","2421","91","1923"
"Norris, Daniel","596057","2019","610","25",20.5,6.2,"4",".265",".475","84.3","2512","85.7","1568","75.8","2536","90.3","2231"
"Bassitt, Chris","605135","2019","612","21",23,7.7,"13",".232",".387","79.2","2313","85","2057","70.3","2238","93.2","2146"
"Bundy, Dylan","605164","2019","700","29",23.1,8.3,"6",".239",".404","81.1","2573","83.4","1569","74.8","2404","91.3","2288"
"Davies, Zach","605200","2019","672","20",15.2,7.6,"2",".276",".464","80.4","2426","80","1785","75.5","2636","88.4","2233"
"López, Jorge","605347","2019","548","27",19.9,7.7,"10",".271",".511","88.4","2199","87.5","1574","81.7","2450","93.8","1878"
"Musgrove, Joe","605397","2019","718","21",21.9,5.4,"9",".250",".424","83.2","2495","85.3","2001","82.1","2575","91.5","2278"
"Nola, Aaron","605400","2019","852","27",26.9,9.4,"11",".235",".394",,,"85.8","1570","79.1","2574","92.2","2132"
"Turnbull, Spencer","605513","2019","656","14",22.3,9,"16",".251",".419","86.5","2438","86.6","1810","80.3","2571","94.1","2188"
"Means, John","607644","2019","637","23",19,6,"5",".236",".417","83.6","2324","80.9","2331","77","2239",,
"Fried, Max","608331","2019","702","21",24.6,6.7,"5",".247",".379","83.7","2562","84.8","1514","74.5","2844","93.6","1988"
"Giolito, Lucas","608337","2019","705","24",32.3,8.1,"4",".214",".368","84.6","2036","81.7","1563","79.4","2512",,
"Wacha, Michael","608379","2019","561","26",18.5,9.6,"3",".276",".490",,,"85.5","1606","75.3","2066","93.2","1940"
"Márquez, Germán","608566","2019","721","29",24.3,4.9,"5",".270",".458","87.4","2371","87.8","1969","84.9","2693","94.7","2171"
"Eflin, Zach","621107","2019","705","28",18.3,6.8,"6",".247",".415","87.1","2247","86.7","1787","77.9","2416","93.1","2090"
"Buehler, Walker","621111","2019","737","20",29.2,5,"7",".228",".369","86.8","2867","91.6","1516","80.7","2915","96.6","2346"
"Berríos, José","621244","2019","842","26",23.2,6.1,"9",".245",".416",,,"82.5","1705","73.1","2189","92.1","2110"
"Castillo, Luis","622491","2019","780","22",29,10,"7",".204",".327","85.9","2330","87.2","1972",,,"96.5","2073"
"Senzatela, Antonio","622608","2019","582","19",13.1,9.8,"4",".296",".478","84.4","2136","87","2059","78.8","2214",,
"López, Reynaldo","625643","2019","809","35",20.9,8,"8",".259",".470","84.4","2120","84","1609","78.3","2084",,
"Maeda, Kenta","628317","2019","624","22",27.1,8.2,"4",".214",".342","83.5","2525",,,"77.1","2685","91.9","2228"
"Chirinos, Yonny","630023","2019","530","23",21.5,5.3,"3",".256",".451","87.5","2335",,,,,"93.9","2278"
"Hudson, Dakota","641712","2019","757","22",18,11.4,"9",".263",".421","87.4","2430","88.1","1459","81.9","2196","93.5","2134"
"Keller, Brad","641745","2019","709","15",17.2,9.9,"9",".257",".415","84.9","2510","88","1706",,,"92.9","2103"
"Lauer, Eric","641778","2019","651","20",21.2,7.8,"5",".246",".419","81.6","2393","85.9","1982","77.1","2376",,
"Mahle, Tyler","641816","2019","556","25",23.2,6.1,"6",".249",".426",,,,,"80.4","2595",,
"Sparkman, Glenn","642098","2019","606","30",13.4,6.8,"6",".289",".513","82.3","2411","85.7","2032","79.1","2477",,
"Yarbrough, Ryan","642232","2019","563","15",20.8,3.6,"9",".250",".390",,,"79.5","2123","72.8","2405","88.1","1987"
"Jurado, Ariel","642558","2019","541","21",15,6.7,"4",".293",".520","85.3","2124","85.3","1945","80.3","2267","92","1770"
"Brault, Steven","643230","2019","505","15",19.8,10.5,"7",".255",".436","81.2","2192","84.3","1582","71.1","2032","91.3","1888"
"Alcantara, Sandy","645261","2019","838","23",18,9.7,"8",".244",".424","86","2478","89.1","1923","82","2481","95.3","2393"
"Soroka, Michael","647336","2019","701","14",20.3,5.8,"7",".258",".391","83.2","2777","81.2","2177",,,"92.3","2175"
"Flaherty, Jack","656427","2019","772","25",29.9,7.1,"7",".215",".366","84.8","2381","86.2","1700","78.2","2501","92","2009"
"Thornton, Trent","663423","2019","676","24",22,8.9,"5",".256",".430","80.5","3092","83.3","1497","73.7","2784","91.9","2315"
"Paddack, Chris","663978","2019","568","23",26.9,5.5,"6",".217",".385",,,"84.5","1707","76.1","2145",,
"Lucchesi, Joey","664192","2019","686","23",23,8.2,"2",".227",".390",,,,,"78.9","2091","90.1","2215"
"Bieber, Shane","669456","2019","859","31",30.2,4.7,"6",".236",".417","85","2370","87.6","1725","82.7","2303","93.7","2189"
"Richards, Trevor","670950","2019","580","19",21.9,9.7,"5",".235",".410",,,"83.4","2392","78.9","2228",,
"Wainwright, Adam","425794","2020","262","9",20.6,5.7,"2",".265",".436",,,"81.8","1683","73.5","2791","89.3","2188"
"Greinke, Zack","425844","2020","273","6",24.5,3.3,"1",".249",".421","84.5","2422","86.2","1668","70.4","2422","89.7","2259"
"Sánchez, Aníbal","434671","2020","245","11",17.6,7.3,"3",".284",".479","83.5","2297","69.6","1261","76.3","2027","89.6","2078"
"Lester, Jon","452657","2020","265","11",15.8,6.4,"3",".279",".517",,,"83.3","1913","73.4","2569","88.4","2063"
"Scherzer, Max","453286","2020","295","10",31.2,7.8,"1",".252",".431","85.5","2384","84.9","1440","77.1","2782",,
"Arrieta, Jake","453562","2020","190","6",16.8,8.4,"1",".290",".455","88.8","2203","87.3","1694","81.8","2652","92","2096"
"Cueto, Johnny","456501","2020","277","9",20.2,9.4,"3",".261",".417","84.8","2231","82.5","1333","80.5","2335","90.9","2123"
"Happ, J.A.","457918","2020","196","8",21.4,7.7,"1",".221",".342","84.2","2260","86.4","1755","80.9","2187","89.3","2173"
"Lindblom, Josh","458676","2020","191","6",27.2,8.4,"3",".245",".379","75.8","2381","84.1","1898","71.1","2736",,
"Lynn, Lance","458681","2020","344","13",25.9,7.3,"6",".208",".350",,,"85","1844","83.6","2598","92","2327"
"Carrasco, Carlos","471911","2020","280","8",29.3,9.6,"2",".222",".368","86","2780","87.7","1317","83.4","2930","92.3","2357"
"Anderson, Brett","474463","2020","202","6",15.8,5,"4",".274",".447","82.2","2458","82.7","1629","76.1","2480","89.7","1955"
"Kershaw, Clayton","477132","2020","221","8",28.1,3.6,"1",".215",".383","87.9","2676","86.9","2178","74.1","2536",,
"Minor, Mike","501985","2020","239","11",25.9,8.4,"1",".234",".436","85.6","2796","85.4","2263","80.1","2548","88.2","2360"
"Gibson, Kyle","502043","2020","301","12",19.3,10,"6",".284",".452","82.9","2475","84.4","1652","78.7","2418","92.2","2130"
"Cobb, Alex","502171","2020","226","8",16.8,8,"2",".307",".502",,,,,"81.7","2579","92.5","2090"
"Darvish, Yu","506433","2020","297","5",31.3,4.7,"2",".227",".346","86.1","2792",,,"77.3","2719","95.2","2492"
"Bumgarner, Madison","518516","2020","190","13",15.8,6.8,"6",".302",".608",,,"83.1","1684","76.9","2493","88.2","2419"
"Duffy, Danny","518633","2020","242","10",23.6,9.1,"2",".248",".441","82.6","2391","83.9","2158","75.5","2294","92.1","2120"
"Porcello, Rick","519144","2020","261","5",20.7,5.7,"2",".293",".467","86.2","2359","81.8","1682","74.9","2588","90.1","2146"
"Pérez, Martín","527048","2020","262","8",17.6,10.7,"3",".250",".422",,,"83.7","1704","77.7","2521","91.9","1951"
"Anderson, Tyler","542881","2020","260","5",15.8,9.6,"4",".263",".418",,,"80.9","1988","71.9","2334","89.5","2327"
"Cole, Gerrit","543037","2020","288","14",32.6,5.9,"2",".198",".381","88.7","2582","88.3","1750","83.4","2803","96","2505"
"Eovaldi, Nathan","543135","2020","199","8",26.1,3.5,"4",".254",".430","89.2","2287",,,"79.6","2110",,
"Gray, Sonny","543243","2020","235","4",30.6,11.1,"2",".235",".345",,,"89.8","2216","80.8","2955","92.9","2416"
"Hendricks, Kyle","543294","2020","315","10",20.3,2.5,"1",".237",".382",,,"79.7","2062","72.1","2811","87.3","1862"
"Lyles, Jordan","543475","2020","266","12",13.5,8.6,"2",".272",".467","85.6","2361","86.8","1464","79.7","2501","91.8","2095"
"Roark, Tanner","543699","2020","220","14",18.6,10.5,"2",".280",".544","84.2","2190","81","1504","73.1","2760","90.5","2055"
"Bauer, Trevor","545333","2020","278","9",36,6.1,"3",".163",".286",,,"85","1731","79.7","2933","94.1","2780"
"Tanaka, Masahiro","547888","2020","197","9",22.3,4.1,"2",".244",".438","84","2281",,,"75","2370","91.5","2117"
"Ryu, Hyun Jin","547943","2020","275","6",26.2,6.2,"1",".233",".334",,,"79.6","1478","72.3","2542","89.1","1953"
"Stripling, Ross","548389","2020","220","13",18.2,8.2,"1",".296",".546","85.8","2493","84.6","1699","78.7","2652","91.6","2334"
"Wheeler, Zack","554430","2020","288","3",18.4,5.6,"7",".249",".348",,,"90.2","1833","80.1","2621","96.6","2196"
"Boyd, Matthew","571510","2020","271","15",22.1,8.1,"5",".258",".479","79.3","2324","79.1","1882","74.1","2506","90.5","2255"
"Corbin, Patrick","571578","2020","295","10",20.3,6.1,"0",".289",".469","79.2","2241","77.7","1550","65","1852","90.1","2096"
"Fiers, Mike","571666","2020","257","9",14.4,6.2,"4",".261",".448","84.3","2283","82.1","1862","72.7","2675","88.2","2140"
"Heaney, Andrew","571760","2020","279","9",25.1,6.8,"2",".250",".445",,,"83","2005","79.2","2550",,
"Richards, Garrett","572070","2020","213","7",21.6,8,"2",".247",".446","88.5","2893",,,"80","3299","95.3","2589"
"Keuchel, Dallas","572971","2020","257","2",16.3,6.6,"0",".277",".393","75.8","2280","78.6","1680",,,"87.2","2071"
"Kikuchi, Yusei","579328","2020","194","3",24.2,10.3,"0",".227",".319","83.3","2347","86.8","1422",,,,
"Gausman, Kevin","592332","2020","245","8",32.2,6.5,"0",".229",".386","81.9","2353","84.3","1887",,,,
"Ray, Robbie","592662","2020","251","13",27.1,17.9,"1",".254",".487","86.6","2376","89.5","2301","83.6","2194","93.3","2348"
"Walker, Taijuan","592836","2020","225","8",22.2,8.4,"4",".254",".452","85.2","2432",,,"74.6","2454","93.1","2050"
"Williams, Trevor","592866","2020","252","15",19.4,8.3,"4",".263",".446","82.7","2276","85.1","1851","77.8","2284","89.7","1959"
"Montas, Frankie","593423","2020","237","10",25.3,9.7,"1",".249",".433","86.1","2499",,,,,"95.6","2283"
"deGrom, Jacob","594798","2020","268","7",38.8,6.7,"0",".194",".333","92.5","2565","91.4","1638","84.1","2632",,
"Gonzales, Marco","594835","2020","277","8",23.1,2.5,"4",".243",".430",,,"80.6","2114","75.3","2294",,
"Weaver, Luke","596133","2020","236","10",23.3,7.6,"1",".252",".464","86.4","2266","84.7","1666","79","2273",,
"Bassitt, Chris","605135","2020","261","6",21.1,6.5,"2",".242",".390","78.2","2192","83.6","1950","70","2185","92.6","2112"
"Bundy, Dylan","605164","2020","267","5",27,6.4,"4",".215",".333","79.9","2538","82.2","1620","73.5","2349","90.7","2348"
"Davies, Zach","605200","2020","276","9",22.8,6.9,"0",".269",".476",,,"79.4","1728","74.5","2509","88.5","2051"
"Houser, Adrian","605288","2020","246","8",17.9,8.5,"4",".268",".408","85.6","2250","84.9","1526","80.5","2019","93.2","2076"
"Nola, Aaron","605400","2020","289","9",33.2,8,"2",".222",".354",,,"84.9","1518","78.6","2499","91.8","2101"
"Snell, Blake","605483","2020","203","10",31,8.9,"0",".233",".406","87.4","2464","87.9","1739","80.1","2445",,
"Turnbull, Spencer","605513","2020","242","2",21.1,12,"2",".276",".431","85.3","2528","87.2","1865","79.4","2693","94.8","2281"
"Woodruff, Brandon","605540","2020","293","9",31.1,6.1,"4",".198",".339","88.2","2525","86.7","1817","83.5","2606","96.3","2364"
"Glasnow, Tyler","607192","2020","238","11",38.2,9.2,"0",".190",".362",,,"91.1","1784","82.4","2939",,
"Fedde, Erick","607200","2020","222","10",12.6,9.9,"3",".278",".467",,,"86.7","1576","79.5","2273","93.4","1836"
"Freeland, Kyle","607536","2020","304","9",15.1,7.6,"3",".284",".436","86.2","2469","86","1375","80.3","2444","91.4","2388"
"Fried, Max","608331","2020","224","2",22.3,8.5,"4",".202",".288","84","2487","83.1","1546","74.3","2787","92.5","1959"
"Giolito, Lucas","608337","2020","288","8",33.7,9.7,"2",".196",".323","84.9","2095","80.9","1410","77.3","2493",,
"Márquez, Germán","608566","2020","344","6",21.2,7.3,"0",".259",".391","87.9","2382","86.8","1816","85.5","2728","94.7","2140"
"Voth, Austin","608723","2020","225","14",19.6,8,"4",".266",".502",,,,,"78.3","2811",,
"Eflin, Zach","621107","2020","245","8",28.6,6.1,"1",".226",".366","88.5","2188","87.8","1825","79","2369","93.7","2083"
"McCullers Jr., Lance","621121","2020","227","5",24.7,8.8,"5",".243",".409",,,"86.3","1766","83.4","2787","93.8","2072"
"Mills, Alec","621219","2020","252","13",18.3,7.5,"2",".263",".462","77.5","2584","80.7","1709","66.6","2378","89.9","2185"
"Berríos, José","621244","2020","271","8",25.1,9.6,"3",".248",".400",,,"84.7","1531",,,"94","2128"
"Young, Alex","622065","2020","204","11",19.1,6.9,"1",".290",".551",,,"85.2","1718","81.6","2408","90.4","2357"
"Castillo, Luis","622491","2020","292","5",30.5,8.2,"1",".210",".314","86.8","2484","88.2","1942",,,"97.5","2100"
"Senzatela, Antonio","622608","2020","303","9",13.5,5.9,"4",".273",".430","86.4","2177","86.4","2133","79.2","2312",,
"Castellani, Ryan","624418","2020","189","12",13.2,13.8,"5",".292",".540","85","2535","85.8","1654","79.5","2459","89.5","2191"
"Maeda, Kenta","628317","2020","248","9",32.3,4,"0",".208",".350","82.9","2504",,,"78.5","2590","90.8","2206"
"Urías, Julio","628711","2020","224","5",20.1,8,"0",".217",".366","86.3","2635","84.9","1812","77.2","2756","94","2458"
"Manaea, Sean","640455","2020","222","7",20.3,3.6,"1",".266",".415","77.7","1991","82.6","1101",,,"90.4","1884"
"López, Pablo","641154","2020","240","4",24.6,7.5,"2",".216",".338",,,"87.2","1969","78.7","2442","93.4","2040"
"Keller, Brad","641745","2020","215","2",16.3,7.9,"2",".270",".396","84.6","2590","88.7","1965",,,"92.3","2205"
"Kuhl, Chad","641771","2020","197","8",22.3,14.2,"2",".270",".507","87.7","2520","88.2","1584","81.3","2766","94","2010"
"Mahle, Tyler","641816","2020","201","6",29.9,10.4,"4",".188",".344","86.9","2636",,,"81","2558",,
"Yarbrough, Ryan","642232","2020","234","5",18.8,5.1,"7",".253",".389",,,"78.6","1979","70.9","2309","87.3","1942"
"Dunn, Justin","643290","2020","198","10",19.2,15.7,"2",".246",".484","82.9","2355","87.1","1755","79.3","2368","91.1","2144"
"Civale, Aaron","650644","2020","312","11",22.1,5.1,"3",".266",".436","82.3","2709","85.3","2028","75.6","2840","91.8","2270"
"Canning, Griffin","656288","2020","238","8",23.5,9.7,"1",".232",".423","86.6","2598","87.9","1743","82.1","2467",,
"Cease, Dylan","656302","2020","255","12",17.3,13.3,"5",".279",".513","85","2801","82.9","1724","79","2680",,
"Montgomery, Jordan","656756","2020","193","7",24.4,4.7,"2",".250",".404",,,"83.2","1756","80.5","2280","92.5","2180"
"Peterson, David","656849","2020","205","5",19.5,11.7,"3",".230",".389","81.3","2186","83.7","1928","74.5","2143","91.8","2082"
"Sheffield, Justus","656954","2020","232","2",20.7,8.6,"3",".256",".367","81.8","2500","86.3","1725",,,"91.9","1941"
"Webb, Logan","657277","2020","246","4",18.7,9.8,"7",".280",".413",,,"84.7","1609",,,"91.8","1992"
"Lamet, Dinelson","659275","2020","267","5",34.8,7.5,"4",".187",".317","86.5","2614",,,,,"97","2442"
"Bubic, Kris","663460","2020","222","8",22.1,9.9,"2",".271",".452",,,"79.6","1740","78.5","2567",,
"Singer, Brady","663903","2020","263","8",23.2,8.7,"2",".231",".368","83.1","2387","87.8","2164",,,"93.3","2241"
"Paddack, Chris","663978","2020","245","14",23.7,4.9,"2",".276",".488",,,"83.9","1786","76.9","2096",,
"Brubaker, JT","664141","2020","205","6",23.4,8.3,"3",".240",".403","87.5","2634","87.9","1758","80.6","2857","93.8","2299"
"Valdez, Framber","664285","2020","288","5",26.4,5.6,"5",".239",".379",,,"88.6","1642","80.5","2982","93","2249"
"Javier, Cristian","664299","2020","214","11",25.2,8.4,"2",".187",".348","78.8","2600","85.9","1938","76.3","2819",,
"Luzardo, Jesús","666200","2020","248","9",23.8,6.9,"3",".256",".413","84","2533","87.4","1910",,,"95.4","2363"
"Plesac, Zach","668676","2020","206","8",27.7,2.9,"1",".228",".412","86.3","2149","86","1628","79.1","2102",,
"Gallen, Zac","668678","2020","291","9",28.2,8.6,"2",".225",".369","87.1","2421","84.9","1530","81.2","2432","92.9","2192"
"May, Dustin","669160","2020","224","9",19.6,7.1,"1",".255",".411",,,"90.7","1937","86.8","3092","97.9","2408"
"Burnes, Corbin","669203","2020","240","2",36.7,10,"3",".190",".321","86.7","2909","88.9","1954","81.1","2963","96","2683"
"Bieber, Shane","669456","2020","297","7",41.1,7.1,"1",".185",".319","84.5","2551","88.7","1665","83.6","2352",,
"Dobnak, Randy","677976","2020","200","3",13.5,6.5,"4",".261",".378","83.4","2392","85.6","1732",,,"91.4","1939"
"Wainwright, Adam","425794","2021","828","21",21,6,"9",".251",".388",,,"82.7","1715","73.4","2835","89.1","2229"
"Greinke, Zack","425844","2021","697","30",17.2,5.2,"2",".266",".430","83.6","2357","86.4","1594","71.1","2358","89.5","2156"
"Hill, Rich","448179","2021","661","21",22.7,8.3,"16",".240",".414","76.5","2384","80.9","1672","71.7","2713","84.8","2215"
"Morton, Charlie","450203","2021","756","16",28.6,7.7,"17",".217",".332",,,"86.4","2100","80.6","3053","94.6","2116"
"Lester, Jon","452657","2021","627","25",14.5,8.8,"3",".274",".453",,,"81.3","1737","72.6","2437","87.6","2042"
"Scherzer, Max","453286","2021","693","23",34.1,5.2,"10",".196",".353","85.8","2269","85","1446","76.9","2661",,
"Happ, J.A.","457918","2021","671","30",18.2,7.2,"3",".275",".502","83","2225","86.1","1657","76.2","2231","89.1","2079"
"Lynn, Lance","458681","2021","641","18",27.5,7,"2",".198",".322","81.2","2254","87.1","1772","82.1","2476","92.4","2228"
"Miley, Wade","489119","2021","690","17",18.1,7.2,"3",".252",".398","79.3","2308","81.9","1807","74.7","2384","88.7","2025"
"Minor, Mike","501985","2021","669","26",22.3,6.1,"5",".245",".449","85.6","2723","85.2","2237","80.4","2493",,
"Gibson, Kyle","502043","2021","754","17",20.6,8.5,"8",".241",".367","83.5","2513","84.8","1641","79.4","2435","92.3","2136"
"Darvish, Yu","506433","2021","681","28",29.2,6.5,"8",".208",".376","86.2","2792",,,"75.3","2714","94","2402"
"Bumgarner, Madison","518516","2021","613","24",20.2,6.4,"11",".245",".432",,,"83.8","1434","77.8","2462","89.8","2045"
"Harvey, Matt","518774","2021","582","19",16.3,6.4,"5",".289",".476","86.9","2370","85.3","1697","79.9","2489","92.9","2135"
"Kelly, Merrill","518876","2021","667","21",19.5,6.1,"4",".271",".432",,,"87.2","1969","81.3","2564","91.6","2242"
"Pérez, Martín","527048","2021","509","19",19.1,7.1,"9",".280",".470",,,"84.8","1696","78.7","2459","92.8","2017"
"Anderson, Tyler","542881","2021","703","27",19.1,5.4,"1",".259",".425","80","2458","80.9","1835","73.7","2426","88.9","2260"
"Cole, Gerrit","543037","2021","726","24",33.5,5.6,"2",".209",".369","88.4","2600","89.8","1719","83.4","2800","97.7","2375"
"DeSclafani, Anthony","543101","2021","676","19",22.5,6.2,"2",".241",".410","87.9","2198","88.2","1583","83","1964","94","2092"
"Eovaldi, Nathan","543135","2021","764","15",25.5,4.6,"7",".238",".366","85.8","2156",,,"78.5","2086",,
"Gray, Sonny","543243","2021","575","19",27,8.7,"8",".216",".325","83.6","2597","88.2","1830","79.3","2749","92.4","2319"
"Hendricks, Kyle","543294","2021","785","31",16.7,5.6,"13",".276",".455",,,"80","2008","73.2","2844","87.3","1828"
"Lyles, Jordan","543475","2021","769","38",19,7.3,"7",".275",".482","84.9","2705","86.4","1595","80.3","2619","91.6","2200"
"Ryu, Hyun Jin","547943","2021","701","24",20.4,5.3,"2",".265",".440","79.8","2059","79.9","1511","73.9","2512","89.3","1910"
"Wheeler, Zack","554430","2021","849","16",29.1,5.4,"8",".215",".318",,,"90.5","1571","81.5","2638","96.7","2199"
"Corbin, Patrick","571578","2021","751","37",19,8,"3",".282",".493","80.7","2216","81.5","1619","65.2","1782","92.6","2096"
"Heaney, Andrew","571760","2021","558","29",26.9,7.3,"6",".237",".431","78.6","2463","83.8","2035","79.4","2574",,
"Matz, Steven","571927","2021","647","18",22.3,6.6,"6",".253",".396","88.9","2080","85","2260","77.6","2336","94.5","2184"
"Richards, Garrett","572070","2021","617","19",18.6,9.7,"5",".285",".464","88.1","2745","90.6","1695","78.3","3140","95.6","2472"
"Keuchel, Dallas","572971","2021","720","25",13.2,8.2,"7",".302",".493","77.8","2374","79.6","1630",,,"87.8","1985"
"Stroman, Marcus","573186","2021","729","17",21.7,5.9,"7",".262",".418","87.2","2643",,,"74.9","2514","91.9","2284"
"Kikuchi, Yusei","579328","2021","666","27",24.5,9.3,"5",".261",".463","82.5","2404","86.2","1452",,,,
"Foltynewicz, Mike","592314","2021","586","35",16.6,6.1,"9",".266",".490","83.2","2426","85.3","1779","76.7","2316","93.1","2098"
"Gausman, Kevin","592332","2021","775","20",29.3,6.5,"4",".231",".381","82","2197","83.8","1641",,,,
"Gray, Jon","592351","2021","644","21",24.4,9,"8",".235",".378","86.7","2408","87.6","1454","76","2585",,
"Ray, Robbie","592662","2021","773","33",32.1,6.7,"4",".219",".398","88.6","2186","88.2","1726","82.5","2125","95.1","2293"
"Smyly, Drew","592767","2021","546","27",21.4,7.5,"2",".267",".470",,,,,"78.9","2096","92.1","2088"
"Taillon, Jameson","592791","2021","603","24",23.2,7.3,"6",".230",".401","86.6","2525","88","1868","80.7","2732","94.2","2303"
"Walker, Taijuan","592836","2021","654","26",22.3,8.4,"4",".246",".442","86.1","2415",,,"76.4","2356","93.7","2007"
"Montas, Frankie","593423","2021","778","20",26.6,7.3,"7",".237",".404","88.1","2478",,,,,"96.2","2308"
"Rodriguez, Eduardo","593958","2021","675","19",27.4,7,"2",".233",".366","82.1","2140","85.4","1884",,,"92.5","2125"
"Gonzales, Marco","594835","2021","585","29",18.5,7.2,"5",".257",".483",,,"79.3","2184","75.2","2282",,
"Pivetta, Nick","601713","2021","661","24",26.5,9.8,"5",".219",".385","86","2288","87.9","1867","78.6","2742","93.3","2240"
"Bassitt, Chris","605135","2021","637","15",25,6.1,"11",".227",".362","82.8","2255","85.3","1958","71.7","2328","92.7","2115"
"Davies, Zach","605200","2021","668","25",17.1,11.2,"5",".293",".487","80","2300","78.5","1691","74.2","2459","88","2018"
"Houser, Adrian","605288","2021","599","12",17.5,10.7,"9",".240",".359","84","2165","87.7","2066","80","1855","93.6","2037"
"López, Jorge","605347","2021","555","21",20.2,10.1,"10",".275",".449","85.9","2231","88.5","1614","81.9","2378","95.3","1967"
"Musgrove, Joe","605397","2021","748","22",27.1,7.2,"18",".236",".387","84.1","2784","87.1","2069","82.1","2808","93.2","2471"
"Nola, Aaron","605400","2021","749","26",29.8,5.2,"9",".223",".378",,,"85.2","1511","78.5","2529","92","2137"
"Snell, Blake","605483","2021","550","16",30.9,12.5,"3",".232",".431","86.5","2417","88.3","1731","79.5","2259",,
"Woodruff, Brandon","605540","2021","708","18",29.8,6.1,"7",".226",".353","86.5","2553","86.5","1906","83.8","2644","96.2","2288"
"Rodón, Carlos","607074","2021","534","13",34.6,6.7,"8",".189",".314","85.8","2453","85.2","1673","76.7","2253",,
"Fedde, Erick","607200","2021","590","23",21.7,8.1,"4",".263",".456",,,"87.7","1546","79.7","2282","93.8","1882"
"Freeland, Kyle","607536","2021","515","20",20.4,7.4,"4",".247",".414","86","2324","85.8","1543","80.2","2437","91.3","2359"
"Means, John","607644","2021","590","30",22.7,4.4,"4",".242",".441","86.3","2326","83.4","2255","78","2278",,
"Fried, Max","608331","2021","667","15",23.7,6.1,"7",".234",".364","84.7","2483","84.7","1411","74.4","2650","93.5","1996"
"Giolito, Lucas","608337","2021","719","27",28,7.1,"2",".221",".362","85.6","2028","81.5","1492","80.6","2382",,
"Irvin, Cole","608344","2021","768","23",16.3,5.5,"9",".281",".445","83","2008","84.2","1584","76.9","2056","90.5","1888"
"Wacha, Michael","608379","2021","528","23",22.9,5.9,"4",".283",".499",,,"86.9","1554","76.2","2191","94.1","2072"
"Márquez, Germán","608566","2021","756","21",23.3,8.5,"4",".250",".390","86.2","2420","86.1","1670","85.2","2683","94","2057"
"Quantrill, Cal","615698","2021","616","16",19.6,7.6,"9",".244",".387","86.7","2309","85","1354","81.3","2353","94.3","2087"
"Kaprielian, James","621076","2021","502","19",24.5,8.2,"5",".239",".437","85.3","2274","83.8","1291","78","2443","92.4","1983"
"Buehler, Walker","621111","2021","815","19",26,6.4,"6",".218",".345","84.9","2798","91.5","1522","80.1","2861","95.3","2341"
"McCullers Jr., Lance","621121","2021","684","13",27,11.1,"10",".208",".314","86","2797","85.8","1682","84.2","2923","93.9","2115"
"Mills, Alec","621219","2021","517","16",16.8,6.6,"7",".280",".429","76.6","2528","79.1","1746","65.8","2317","89.1","2157"
"Berríos, José","621244","2021","781","22",26.1,5.8,"15",".241",".407",,,"84.8","1521",,,"93.8","2134"
"Wood, Alex","622072","2021","585","14",26,6.7,"16",".239",".377","83.9","2117","85.3","1662",,,"91.8","2098"
"Castillo, Luis","622491","2021","803","19",23.9,9.3,"7",".232",".347","86.4","2441","88.3","1971",,,"97.3","2142"
"Senzatela, Antonio","622608","2021","670","12",15.7,4.8,"9",".273",".414","86.1","2083","86","2016","77.8","2158","94.3","2119"
"Flexen, Chris","623167","2021","741","19",16.9,5.4,"4",".261",".427",,,"82.7","1326","77.2","2708",,
"Urías, Julio","628711","2021","745","19",26.2,5.1,"7",".219",".360",,,"86.8","1921",,,"94.7","2481"
"Crowe, Wil","640444","2021","524","25",21.2,10.9,"6",".255",".455","85.3","2716","85.1","1714","80.4","2440","92.9","2222"
"Manaea, Sean","640455","2021","754","25",25.7,5.4,"9",".249",".419","82.8","2010","84.5","1371",,,"92.1","1997"
"Alzolay, Adbert","640470","2021","519","25",24.7,6.6,"5",".248",".451","86.2","2610","85.6","1705","80","2648","93.8","2209"
"Dunning, Dane","641540","2021","511","13",22.3,8.4,"7",".265",".419","79.7","2071","84.5","1935","78.2","2074","90.4","2034"
"Keller, Brad","641745","2021","613","18",19.6,10.4,"7",".292",".505","86.1","2582","90","1998",,,"93.7","2181"
"Mahle, Tyler","641816","2021","759","24",27.7,8.4,"10",".229",".362","86.7","2535",,,,,,
"Yarbrough, Ryan","642232","2021","653","25",17.9,4.1,"9",".272",".436",,,"78.4","2027","71.1","2270","86.4","1841"
"Peralta, Freddy","642547","2021","580","14",33.6,9.7,"11",".174",".289","80.5","2264","88","1621","76.8","2213","92.4","2302"
"Alcantara, Sandy","645261","2021","837","21",24,6,"10",".232",".369","90.4","2359","91.8","2005","83.7","2396","97.6","2324"
"Cease, Dylan","656302","2021","708","20",31.9,9.6,"9",".210",".364","85.9","2880","78.1","1641","79.9","2754",,
"Montgomery, Jordan","656756","2021","661","19",24.5,7.7,"2",".248",".404",,,"82.5","1704","80","2246","92.4","2172"
"Webb, Logan","657277","2021","596","9",26.5,6,"8",".229",".329",,,"86.2","1475",,,"92.8","1901"
"Ohtani, Shohei","660271","2021","533","15",29.3,8.3,"10",".207",".344","80.6","2273",,,"74.5","2370",,
"Bubic, Kris","663460","2021","556","22",20.5,10.6,"7",".255",".456",,,"80","1604","78.5","2619",,
"Allard, Kolby","663465","2021","534","29",19.5,5.8,"4",".266",".481",,,"83.6","1606","75.9","1896","92.5","2199"
"Mize, Casey","663554","2021","612","24",19.3,6.7,"11",".254",".462","85.9","2239",,,"81.3","2197","93.2","2062"
"McClanahan, Shane","663556","2021","517","14",27.3,7.2,"2",".263",".436","89.1","2400","89.2","1725","82.5","2653",,
"Singer, Brady","663903","2021","586","14",22.4,9,"11",".257",".398","85.4","2393","88","2015",,,"93.7","2271"
"Brubaker, JT","664141","2021","537","28",24,6.9,"9",".252",".440","87.2","2648","87.2","1885","79.5","2801","93.4","2266"
"Valdez, Framber","664285","2021","572","12",21.9,10.1,"11",".230",".343",,,"87.5","1498","77.9","2873","92.5","2171"
"Anderson, Ian","666120","2021","535","16",23.2,9.9,"1",".240",".410",,,"88.1","1646","80.7","1895","94.1","2081"
"Plesac, Zach","668676","2021","598","23",16.7,5.7,"7",".255",".455","86.7","2033","85.7","1599","80.2","1884",,
"Gallen, Zac","668678","2021","523","19",26.6,9.4,"5",".230",".382","86.1","2467","86.1","1476","79.7","2437","93.3","2328"
"Burnes, Corbin","669203","2021","657","7",35.6,5.2,"6",".180",".256","88","2861","90.7","1873","81.2","2867","96.9","2556"
"Gilbert, Logan","669302","2021","503","17",25.4,5.6,"6",".242",".428","83.4","2276","79.9","1555","75","2117",,
"Skubal, Tarik","669373","2021","634","35",25.9,7.4,"6",".267",".508","86.5","2060","82.1","1441","73.8","2222","94.5","2021"
"Rogers, Trevor","669432","2021","550","6",28.5,8.4,"5",".223",".343","81.8","2115","84.8","1323",,,"94.9","2647"
"Garcia, Luis","677651","2021","633","19",26.4,7.9,"3",".236",".394","79.9","2374","83.4","1909","75.9","2264",,
"Wainwright, Adam","425794","2022","803","16",17.8,6.7,"7",".270",".419","75.3","2682","82.2","1764","72.8","2768","88.6","2201"
"Greinke, Zack","425844","2022","585","14",12.5,4.6,"3",".284",".441","81.8","2448","86.5","1644","72","2433","89.4","2193"
"Verlander, Justin","434378","2022","666","12",27.8,4.4,"6",".207",".331","87.4","2464","86.2","1756","79","2644",,
"Kluber, Corey","446372","2022","689","20",20.2,3,"10",".261",".415",,,"82.9","1652","80.7","2526","88.9","2075"
"Hill, Rich","448179","2022","526","15",20.7,7,"4",".240",".411",,,"82.8","1882","71.8","2629","87.3","2229"
"Morton, Charlie","450203","2022","728","28",28.2,8.7,"18",".228",".389",,,"87.2","2154","81.3","3068","94.7","2190"
"Scherzer, Max","453286","2022","565","13",30.6,4.2,"11",".202",".339","85","2303","84.1","1399","75","2764",,
"Cueto, Johnny","456501","2022","651","15",15.7,5.1,"6",".263",".408","83.5","2235","82.6","1325","69.9","2095","91.4","2111"
"Lynn, Lance","458681","2022","512","19",24.2,3.7,"10",".243",".387","86","2548","85.8","1872","82","2497","91.4","2307"
"Carrasco, Carlos","471911","2022","645","17",23.6,6.4,"8",".253",".405","84.8","2456","87.4","1311","81.1","2654","91.9","2161"
"Quintana, Jose","500779","2022","679","8",20.2,6.9,"3",".257",".377",,,"86.4","1319","78.3","2263","91.4","2070"
"Gibson, Kyle","502043","2022","718","24",20.1,6.7,"9",".262",".421","83.4","2518","84.7","1622","79.1","2467","91.7","2133"
"Cobb, Alex","502171","2022","631","9",23.9,6.8,"3",".235",".329","85.1","2531",,,"83.8","2610","94.8","2091"
"Darvish, Yu","506433","2022","771","22",25.6,4.8,"12",".226",".388","86","2778",,,"76.1","2704","94.7","2274"
"Bumgarner, Madison","518516","2022","698","25",16,7,"9",".276",".488","83.3","2205","85.5","1480","78.6","2304","90.8","2067"
"Kelly, Merrill","518876","2022","804","21",22,7.6,"2",".230",".383","85","2416","88.6","2158","82.2","2550","92.5","2206"
"Pérez, Martín","527048","2022","821","11",20.6,8.4,"6",".241",".347","84.5","2398","84.4","1661","78.8","2515","92.6","1997"
"Anderson, Tyler","542881","2022","707","14",19.5,4.8,"9",".225",".349",,,"79","1848","73.2","2141","89","2227"
"Cole, Gerrit","543037","2022","793","33",32.4,6.3,"2",".214",".383","88.7","2569","89.7","1616","83","2779",,
"Lyles, Jordan","543475","2022","774","26",18.6,6.7,"8",".267",".452",,,"86.3","1464","79.1","2433","90.8","2095"
"Stripling, Ross","548389","2022","536","12",20.7,3.7,"2",".251",".395","87.1","2301","82.6","1680","76.1","2377","89.9","2004"
"Wheeler, Zack","554430","2022","607","13",26.9,5.6,"7",".226",".343",,,"89.5","1557","81.3","2654","95.4","2217"
"Corbin, Patrick","571578","2022","713","27",18,6.9,"7",".304",".520","81.7","2184","82.4","1629","74.2","1944","92.8","2068"
"Mikolas, Miles","571945","2022","805","25",19,4.8,"6",".252",".400","87.7","2381","82.7","1575","76","2547","93","2232"
"Stroman, Marcus","573186","2022","569","16",20.9,6.3,"4",".254",".389","86.4","2692",,,,,"92","2265"
"Gausman, Kevin","592332","2022","725","15",28.3,3.9,"1",".242",".380","84.4","2206","84.5","1497",,,,
"Gray, Jon","592351","2022","521","17",25.7,7.5,"6",".230",".367","85.8","2212","88.7","1455","77.8","2597",,
"Ray, Robbie","592662","2022","775","32",27.4,8,"7",".223",".373","87.2","2190","86.9","1759","79.7","2106","93.3","2191"
"Syndergaard, Noah","592789","2022","565","14",16.8,5.5,"4",".265",".420","85.2","2151","88.5","1534","77.8","2136","93.6","2125"
"Taillon, Jameson","592791","2022","728","26",20.7,4.4,"5",".260",".432","86.1","2556","87.8","1846","81.1","2734","94.2","2297"
"Walker, Taijuan","592836","2022","649","15",20.3,6.9,"6",".245",".395","84.9","2403",,,"75","2226","92.9","2023"
"Montas, Frankie","593423","2022","608","18",23.4,7.1,"6",".242",".396","87.2","2410",,,,,"95.6","2242"
"Gonzales, Marco","594835","2022","783","30",13.2,6.4,"7",".266",".435",,,"79.4","2114","76.6","2114",,
"Gomber, Austin","596295","2022","529","20",18,6.4,"2",".267",".440","84.3","2391","82","1644","75.8","2497","91.5","2052"
"Pivetta, Nick","601713","2022","773","27",22.6,9.4,"5",".248",".433","83","2476","91.9","2329","77.2","2710",,
"Bassitt, Chris","605135","2022","745","19",22.4,6.6,"13",".227",".359","82.7","2345","85.4","1824","71.6","2330","92.8","2118"
"Bundy, Dylan","605164","2022","595","24",15.8,4.7,"3",".263",".440","79.1","2404","81.1","1361","72.2","2148","89.7","2194"
"Davies, Zach","605200","2022","570","21",17.9,9.1,"2",".250",".430","75.9","2498","79.7","1672","74.8","2580","89.5","2084"
"Musgrove, Joe","605397","2022","740","22",24.9,5.7,"14",".225",".350","82.9","2714","86.5","1972","81.3","2723","92.4","2436"
"Nola, Aaron","605400","2022","807","19",29.1,3.6,"9",".211",".340",,,"85.9","1482","78.6","2589","92.2","2199"
"Snell, Blake","605483","2022","535","11",32,9.5,"2",".207",".337","88.9","2389","87.1","1899","81.4","2297",,
"Springs, Jeffrey","605488","2022","549","14",26.2,5.6,"1",".231",".364","85.4","2188","81.1","1415",,,"90.1","2316"
"Thompson, Zach","605507","2022","543","19",16.6,8.5,"3",".281",".442",,,"85.7","1864","76.6","2244","92.2","2231"
"Woodruff, Brandon","605540","2022","620","18",30.6,6.8,"5",".212",".349","88","2408","86.1","2008","84","2497","95.8","2286"
"Rodón, Carlos","607074","2022","710","12",33.4,7.3,"3",".198",".309","85.4","2447","84.6","1757","79.8","2454",,
"Fedde, Erick","607200","2022","573","21",16.4,10.1,"0",".283",".451",,,"86","1516","78.4","2388","92.6","1877"
"Freeland, Kyle","607536","2022","766","19",17.1,6.9,"16",".271",".457","85.4","2375","84.8","1479","80.9","2446","89.6","2350"
"Fried, Max","608331","2022","733","12",23.2,4.4,"4",".227",".328","87.3","2392","86.5","1413","74.2","2748","93.6","2035"
"Giolito, Lucas","608337","2022","698","24",25.4,8.7,"4",".249",".397","84.4","1959","81","1448","79.2","2348",,
"Irvin, Cole","608344","2022","741","25",17.3,4.9,"7",".258",".451",,,"83","1553","77.5","2074","90.3","1940"
"Wacha, Michael","608379","2022","515","18",20.2,6,"4",".254",".446",,,"84.3","1583","74.7","2173","92.6","2052"
"Márquez, Germán","608566","2022","779","30",19.3,8.1,"4",".256",".423","87.7","2390","87.8","1595","86.5","2577","95.1","2111"
"Quantrill, Cal","615698","2022","770","21",16.6,6.1,"10",".258",".417",,,"85.3","1533","82.7","2447","93.6","2105"
"Kaprielian, James","621076","2022","577","16",17,10.2,"5",".254",".415","85","2291","85.2","1365","79.3","2496","94.4","1931"
"Berríos, José","621244","2022","753","29",19.8,6,"11",".275",".466",,,"84.6","1522",,,"93.9","2116"
"Wood, Alex","622072","2022","555","17",23.6,5.4,"12",".248",".397","84.5","2067","85.7","1668",,,"92.4","2041"
"Castillo, Luis","622491","2022","615","13",27.2,7.3,"8",".223",".344","86.5","2422","88.4","1937",,,"96.9","2163"
"Flexen, Chris","623167","2022","590","17",16.1,8.6,"2",".256",".430","81.1","2523","81.1","1309","74.6","2651","92.6","2169"
"Suárez, Ranger","624133","2022","662","15",19.5,8.8,"2",".241",".368","82.4","2114","84.9","1522","76.6","2228","92.5","1907"
"Urías, Julio","628711","2022","689","23",24.1,6,"5",".205",".332",,,"86.2","1950",,,,
"Manaea, Sean","640455","2022","671","29",23.2,7.5,"3",".240",".407","81.6","2036","84.9","1436","80.7","2016","90.8","2025"
"López, Pablo","641154","2022","736","21",23.6,7.2,"8",".239",".378",,,"87.5","1965","80.9","2495","93.4","1999"
"Cortes Jr., Nestor","641482","2022","615","16",26.5,6.2,"2",".204",".320",,,"82.9","1329","72.1","2437","90.7","2261"
"Dunning, Dane","641540","2022","671","20",20.4,9.2,"11",".250",".400","78.7","2081","84","1860","80.1","2215","89.5","2004"
"Hudson, Dakota","641712","2022","596","9",13.1,10.2,"9",".276",".409","87.8","2366","86.5","1446","80.5","2420","91.9","2060"
"Keller, Brad","641745","2022","617","17",16.5,9.2,"2",".256",".405","86.9","2541","90.3","1618","87.8","2543","93.4","2193"
"Kuhl, Chad","641771","2022","617","25",17.8,9.4,"5",".272",".466","86.5","2541","87.9","1699","79.5","2866","92.8","2129"
"Lauer, Eric","641778","2022","661","27",23.8,8.9,"2",".240",".393","86.7","2286","87.2","1746","78.2","2400",,
"Mahle, Tyler","641816","2022","503","16",25,8.5,"2",".214",".358","83.9","2496",,,,,,
"Alcantara, Sandy","645261","2022","886","16",23.4,5.6,"9",".215",".331","90","2355","91.8","2056","86.2","2350","97.8","2293"
"Cease, Dylan","656302","2022","747","16",30.4,10.4,"3",".184",".292","87.4","2833","77.9","1720","81.1","2697","96.5","2492"
"Keller, Mitch","656605","2022","687","14",20.1,8.7,"12",".253",".383","87.1","2452","91.2","1633","78.7","2576","94.4","2366"
"Montgomery, Jordan","656756","2022","724","21",21.8,5,"8",".258",".400",,,"82.3","1679","80.2","2263","93","2211"
"Rasmussen, Drew","656876","2022","584","13",21.4,5.3,"3",".238",".375","85.4","2514",,,"79.6","2692","94.9","2402"
"Steele, Justin","657006","2022","512","8",24.6,9.8,"3",".237",".336","82","2687","87.8","1697","78.4","2539","91.7","2430"
"Wright, Kyle","657140","2022","738","19",23.6,7.2,"9",".244",".383","90.1","2395","88.1","1699","84.7","2723","94.4","2260"
"Otto Jr., Glenn","657248","2022","587","21",18.2,10.6,"13",".247",".424",,,"88.1","1681","81.2","2461","92.2","2235"
"Webb, Logan","657277","2022","787","11",20.7,6.2,"7",".247",".363",,,"86.4","1492",,,"91.8","1881"
"Ryan, Joe","657746","2022","604","20",25,7.8,"10",".215",".373","82.3","2136","84.8","2074","74.9","2371",,
"Ohtani, Shohei","660271","2022","660","14",33.2,6.7,"2",".204",".311","85.2","2498",,,"77.6","2482","97.2","1973"
"Bubic, Kris","663460","2022","587","18",18.7,10.7,"4",".286",".455",,,"80.7","1690","79.4","2609",,
"McKenzie, Triston","663474","2022","741","25",25.6,5.9,"5",".222",".397","87.3","2197",,,"79.4","2198",,
"McClanahan, Shane","663556","2022","640","19",30.3,5.8,"3",".207",".332","89.3","2348","87.7","1732","82","2628",,
"Lynch IV, Daniel","663738","2022","600","21",20.3,8.7,"5",".276",".450","86","2018","84.8","1671","81.6","2096","93.4","2062"
"Sandoval, Patrick","663776","2022","638","8",23.7,9.4,"5",".245",".359","86.3","2551","83.7","1608","78.6","2779","93.4","1924"
"Singer, Brady","663903","2022","621","18",24.2,5.6,"11",".247",".397","85.5","2341","86.9","2229",,,"93.8","2297"
"Brubaker, JT","664141","2022","646","17",22.8,8.4,"9",".257",".413","86.7","2653","87.2","1880","80","2813","93.1","2281"
"Valdez, Framber","664285","2022","827","11",23.5,8.1,"11",".227",".330","83","2669","88.8","1640","79.2","2849","93.9","2203"
"Javier, Cristian","664299","2022","585","17",33.2,8.9,"6",".168",".286","79.9","2621","85.2","2214","76.5","2884",,
"Urquidy, José","664353","2022","681","29",19.7,5.6,"7",".256",".449",,,"86.1","2006","78.1","2628",,
"Kremer, Dean","665152","2022","512","11",17,6.6,"5",".265",".423",,,"83.7","1580","76.5","2697","91.7","2139"
"Manoah, Alek","666201","2022","786","16",22.9,6.5,"15",".224",".343","81.5","2216","86.5","1980",,,"93.3","2193"
"Plesac, Zach","668676","2022","568","19",17.6,6.7,"5",".278",".474","85.4","2125","85.7","1626","79.3","2182","89.4","2080"
"Gallen, Zac","668678","2022","714","15",26.9,6.6,"12",".213",".340","86.7","2513","86.2","1539","81.6","2515","94.7","2216"
"Greene, Hunter","668881","2022","531","24",30.9,9,"10",".219",".393","88.1","2363","90.1","1993",,,,
"Wilson, Bryse","669060","2022","509","20",15.5,6.3,"9",".291",".474","82.5","2194","86.1","1612","77.5","2299","92.1","1958"
"Burnes, Corbin","669203","2022","797","23",30.5,6.4,"13",".212",".336","88.2","2801","90.3","2044","81.6","2761","96.2","2493"
"Gilbert, Logan","669302","2022","766","19",22.7,6.4,"6",".253",".408","86.9","2289","86.2","1752","80.8","2117","94.7","1973"
"Bieber, Shane","669456","2022","791","18",25,4.6,"2",".245",".386","85","2515","86.4","1557","82","2197",,
"Kirby, George","669923","2022","542","13",24.5,4.1,"5",".233",".379","85.5","2185","86","1471","80.8","2179","94.7","2236"
"Detmers, Reid","672282","2022","539","13",22.6,8.5,"8",".243",".388","86.3","2140","84.2","1435","73.1","2476","93.7","2127"
"Strider, Spencer","675911","2022","528","7",38.3,8.5,"3",".179",".279","86.3","2388","88.9","2126",,,,
"Garcia, Luis","677651","2022","643","23",24.4,7.3,"1",".228",".384","79.5","2525","84.8","2032","77.1","2577","90.6","2232"
"Gray, Josiah","680686","2022","649","38",23.7,10.2,"8",".219",".419","85.8","2030","88.1","2056","82.7","2490","94.8","2281"
"Bradish, Kyle","680694","2022","509","17",21.8,9,"7",".253",".404","86.9","2483","89.9","1427","83.2","2517","95.3","2156"
"Greinke, Zack","425844","2023","593","25",16.4,3.9,"4",".290",".479","79.2","2464","86.5","1758","72.4","2408","89.8","2206"
"Verlander, Justin","434378","2023","669","18",21.5,6.7,"5",".228",".391","86.9","2512","85.2","1824","78.2","2716",,
"Hill, Rich","448179","2023","660","23",19.5,8.8,"7",".281",".481","77.3","2410","83","1637","71.9","2613","86.1","2142"
"Morton, Charlie","450203","2023","716","14",25.6,11.6,"12",".248",".399",,,"86","2131","82.3","3088","94.2","2149"
"Scherzer, Max","453286","2023","621","28",28,7.2,"4",".207",".375","84","2300","83.8","1365","75.4","2718",,
"Lynn, Lance","458681","2023","808","44",23.6,8.3,"9",".252",".461","83.1","2464","84.9","1805","80.8","2508","91.4","2258"
"Kershaw, Clayton","477132","2023","523","19",26.2,7.6,"3",".232",".393","86.5","2475","84.6","1780","73.4","2293","90.9","2227"
"Gibson, Kyle","502043","2023","807","23",19.5,6.8,"6",".270",".446",,,"85.5","1679","79.5","2446","91.9","2116"
"Cobb, Alex","502171","2023","646","19",20.3,5.7,"6",".278",".444","86.2","2623",,,"83.6","2668","94.5","2085"
"Darvish, Yu","506433","2023","573","18",24.6,7.3,"8",".242",".375","85.7","2828","82.3","1198","76.3","2716","94.3","2272"
"Kelly, Merrill","518876","2023","721","20",25.9,9.4,"4",".244",".389","85.4","2320","88.7","2138","82.1","2569","92.4","2204"
"Pérez, Martín","527048","2023","608","21",15.3,8.1,"4",".272",".447","83.4","2310","84.1","1680","79.1","2443","91.6","1964"
"Anderson, Tyler","542881","2023","629","20",18.9,10.2,"7",".259",".434","78.3","2344","80","1861","73.2","2247","88.5","2227"
"Cole, Gerrit","543037","2023","821","20",27,5.8,"7",".233",".379","89.1","2542","89.1","1581","82.9","2783",,
"Eovaldi, Nathan","543135","2023","577","15",22.9,8.1,"6",".238",".397","83.9","2145",,,"76","1956",,
"Gray, Sonny","543243","2023","754","8",24.3,7.3,"6",".244",".364",,,"87.9","1715","79.5","2643","92.8","2443"
"Hendricks, Kyle","543294","2023","578","13",16.1,4.7,"4",".269",".413",,,"80.7","2156","73.3","2872","87.5","2027"
"Lyles, Jordan","543475","2023","748","39",16,6,"6",".265",".481","81.7","2344","85.5","1677","79.4","2437","90.5","2136"
"Lorenzen, Michael","547179","2023","624","20",17.8,7.5,"2",".258",".442","85.2","2542","84.5","2094","82.3","2624","93.7","2331"
"Wheeler, Zack","554430","2023","787","20",26.9,5,"9",".230",".351",,,"90.8","1796","81.4","2742","95.2","2315"
"Corbin, Patrick","571578","2023","790","33",15.7,7.2,"4",".303",".518","80.5","2150","81.2","1563",,,"92.1","2039"
"Heaney, Andrew","571760","2023","641","23",23.6,9.4,"10",".240",".429","82","2530","84","2117","74.4","2394",,
"Mikolas, Miles","571945","2023","860","26",15.9,4.5,"8",".291",".498","86.4","2335","84.4","1640","75.8","2490","92.7","2193"
"Stroman, Marcus","573186","2023","575","9",20.7,9,"3",".265",".387","86.1","2784",,,,,"91.4","2286"
"Kikuchi, Yusei","579328","2023","700","27",25.9,6.9,"4",".249",".434","88.7","2427","88.7","1721","83.1","2536",,
"Gausman, Kevin","592332","2023","763","19",31.1,7.2,"3",".235",".402","84","2236",,,,,,
"Gray, Jon","592351","2023","656","22",21.6,8.2,"9",".260",".415","87.9","2383","88.8","1455","78.2","2499",,
"Smyly, Drew","592767","2023","626","26",22.5,8.9,"6",".241",".401",,,,,"78.6","2120","91.9","2055"
"Taillon, Jameson","592791","2023","655","27",21.4,6.3,"5",".259",".462","82.2","2763","86.5","1867","80.5","2726","94","2270"
"Walker, Taijuan","592836","2023","733","20",18.8,9.7,"8",".248",".405",,,,,"74.8","2352","92.4","1964"
"Williams, Trevor","592866","2023","658","34",16.9,7.9,"5",".281",".501","81.7","2179","83.3","1686","76.7","2231","88.2","1867"
"Rodriguez, Eduardo","593958","2023","621","15",23,7.7,"3",".247",".397","84.5","2120","85.9","1879",,,"92.4","2159"
"Weaver, Luke","596133","2023","563","29",19.4,7.1,"4",".286",".494","86.5","2283","86.1","1714","81.6","2229",,
"Gomber, Austin","596295","2023","603","26",14.4,7.1,"3",".292",".500","84.8","2394","81.6","1642","77.6","2521","90.8","2129"
"Pivetta, Nick","601713","2023","587","23",31.2,8.5,"6",".223",".414","86.6","2392",,,"79.4","2796",,
"Bassitt, Chris","605135","2023","826","28",22.5,7.1,"12",".241",".405","80.3","2334","84.1","1932","70.7","2269","91.9","2096"
"Clevinger, Mike","605182","2023","549","16",20,7.3,"9",".239",".403","79.4","2353","86.1","1530","76","2212","93.3","2142"
"Nola, Aaron","605400","2023","793","32",25.5,5.7,"1",".240",".407",,,"85.9","1558","79.4","2591","91.8","2221"
"Snell, Blake","605483","2023","742","15",31.5,13.3,"3",".208",".350","88.4","2345","86.7","1796","81","2399",,
"Rea, Colin","607067","2023","517","23",21.3,7.4,"4",".253",".432",,,,,"78.8","2202","92.6","2136"
"Freeland, Kyle","607536","2023","677","29",13.9,6.2,"1",".294",".507","84.1","2273","84.3","1598","80.6","2386","88.7","2302"
"Lugo, Seth","607625","2023","604","19",23.2,6,"3",".260",".444","85.8","2587","86.3","1538","79.6","3240","93.2","2333"
"Giolito, Lucas","608337","2023","794","41",25.7,9.2,"9",".240",".445","84","1978","80.9","1547","77.9","2334",,
"Wacha, Michael","608379","2023","553","15",22.4,7.8,"3",".250",".421",,,"81.6","1522","74","2150","91.9","1897"
"Eflin, Zach","621107","2023","703","19",26.5,3.4,"3",".222",".378","84.1","2292","86.4","1615","79.1","2503","92.2","2100"
"Berríos, José","621244","2023","782","25",23.5,6.6,"9",".261",".437",,,"84.1","1436",,,"93.8","2118"
"Castillo, Luis","622491","2023","802","28",27.3,7,"5",".230",".408","85.7","2347","88.3","1906",,,"95.9","2098"
"Suárez, Ranger","624133","2023","540","13",22,8.9,"2",".262",".403","83.9","2082","82.9","1447","75.8","2175","92.8","1929"
"López, Pablo","641154","2023","801","24",29.2,6,"9",".216",".340",,,"88.4","2067","82.5","2655","94.5","2114"
"Dunning, Dane","641540","2023","722","20",19.4,7.6,"10",".261",".415","82.1","2361","85.7","1775","77.7","2173","91","2055"
"France, J.P.","641585","2023","581","19",17.4,8.1,"2",".267",".454",,,"81.8","1867","76","2533",,
"Ober, Bailey","641927","2023","577","22",25.3,5,"7",".226",".412","81","2105","83.7","2084","77.5","2182",,
"Peralta, Freddy","642547","2023","680","26",30.9,7.9,"6",".214",".361","82.4","2342","88.6","1707","76.9","2176",,
"Alcantara, Sandy","645261","2023","762","22",19.8,6.3,"5",".265",".417","89.9","2367","91.1","1968","86.1","2462","97.6","2329"
"Civale, Aaron","650644","2023","504","12",23,6.5,"5",".243",".379","82.5","2866",,,"78.1","2985","92.4","2271"
"Canning, Griffin","656288","2023","536","22",25.9,6.7,"5",".236",".421","88.4","2728","90.2","1810","81.8","2406","95.1","2058"
"Cease, Dylan","656302","2023","784","19",27.3,10.1,"9",".241",".381","86.3","2795","74.6","1678","80.2","2641",,
"Flaherty, Jack","656427","2023","650","17",22.8,10.2,"12",".270",".421","84.2","2464","85.3","1624","76.2","2494","90.1","2041"
"Keller, Mitch","656605","2023","825","25",25.5,6.7,"12",".251",".404",,,"90.7","1645","78","2604","93.9","2377"
"Kopech, Michael","656629","2023","591","29",22.7,15.4,"11",".240",".454","84.8","2340","88.7","1794","80.6","2387",,
"Megill, Tylor","656731","2023","567","18",18.5,10.2,"6",".283",".479","84.4","2225","87.9","1607","77.2","2316",,
"Montgomery, Jordan","656756","2023","777","18",21.4,6.2,"4",".253",".408",,,"83.5","1675","80.5","2356","93.3","2199"
"Steele, Justin","657006","2023","716","14",24.6,5,"7",".250",".365","83.3","2658","87.5","1745","80.7","2681","92.2","2396"
"Webb, Logan","657277","2023","850","20",22.8,3.6,"5",".255",".395",,,"87.5","1476",,,"92.3","1874"
"Schmidt, Clarke","657376","2023","694","24",21.5,6.6,"11",".256",".418",,,"89.4","2124","83.7","2930","93.4","2546"
"Ryan, Joe","657746","2023","672","32",29.3,5.1,"6",".224",".403","83.3","2319",,,,,,
"Ohtani, Shohei","660271","2023","531","18",31.5,10.4,"11",".206",".377","85.5","2593",,,"75.7","2459","94.6","2014"
"Irvin, Jake","663623","2023","530","20",18.7,10.2,"8",".259",".446",,,"87.7","2211","80.9","2407","93.9","2276"
"Sandoval, Patrick","663776","2023","652","12",19.6,11.3,"4",".261",".403","87","2464","83","1780","76.5","2722","93.2","1894"
"Singer, Brady","663903","2023","702","20",18.9,7,"8",".276",".452","84","2377","87.7","1849",,,"92.1","2280"
"Valdez, Framber","664285","2023","808","19",24.8,7.1,"10",".253",".410","84.7","2636","90.1","1677","80.2","2842","95.3","2188"
"Javier, Cristian","664299","2023","687","25",23.1,9,"7",".230",".443","79.5","2552","83.7","2398","76.6","2937",,
"Kremer, Dean","665152","2023","735","27",21.4,7.5,"5",".270",".457",,,"85.3","1716","78.1","2756","91.9","2003"
"Garrett, Braxton","666129","2023","659","20",23.7,4.4,"11",".274",".441","82.8","2210","84.1","1458","77.6","2168","90.5","2076"
"Luzardo, Jesús","666200","2023","741","22",28.1,7.4,"6",".235",".410","85.1","2320","88.3","1968",,,"96.5","2153"
"Gallen, Zac","668678","2023","846","22",26,5.6,"5",".254",".427","87.5","2433","86.8","1517","82.5","2463","92.6","2345"
"Ashcraft, Graham","668933","2023","624","23",17.8,8.3,"10",".272",".429","88.3","2832","90.4","2074",,,"96.5","2342"
"Gore, MacKenzie","669022","2023","582","27",25.9,9.8,"1",".261",".472","88.6","1970","86.5","2175","83.2","2311",,
"Nelson, Ryne","669194","2023","619","24",15.5,7.4,"1",".269",".488","81.7","2405","83.3","1713","76.4","2492",,
"Burnes, Corbin","669203","2023","784","22",25.5,8.4,"8",".224",".342","86","2877","89.3","2049","79.8","2794","95.3","2489"
"Gilbert, Logan","669302","2023","770","29",24.5,4.7,"2",".243",".410","88.7","2009",,,"80.3","2324","93.7","1871"
"Bieber, Shane","669456","2023","533","14",20.1,6.4,"3",".284",".446","84.6","2532","87.2","1660","82.5","2239",,
"Kirby, George","669923","2023","757","22",22.7,2.5,"6",".262",".425","86.3","2335","86.6","1518","81.8","2343","95.8","2229"
"Oviedo, Johan","670912","2023","781","19",20.2,10.6,"13",".249",".402","88.2","2469","88.1","1817","80.9","2388","95.7","2300"
"Allen, Logan","671106","2023","537","16",22.2,8.9,"1",".257",".413","83.6","2222","82.7","894",,,,
"Detmers, Reid","672282","2023","644","19",26.1,9.3,"13",".253",".398","88.9","2079","84.8","1493","74.7","2414",,
"Senga, Kodai","673540","2023","694","17",29.1,11.1,"5",".225",".365","84.6","2479",,,"72.7","2492",,
"Strider, Spencer","675911","2023","763","22",36.8,7.6,"9",".205",".345","85.6","2345","87","2257",,,,
"Miller, Bobby","676272","2023","505","12",23.6,6.3,"6",".229",".355","89.9","2510","88.2","2290","80.6","2812","98.8","2297"
"Bibee, Tanner","676440","2023","585","13",24.1,7.7,"5",".235",".376","84.7","2794","83.8","2048","78.4","2720",,
"Sears, JP","676664","2023","735","34",21.9,7.2,"16",".245",".448","82.1","2450","84.1","1716",,,"92.1","2175"
"Crawford, Kutter","676710","2023","527","17",25.6,6.8,"5",".208",".374","82.9","2278",,,"79.4","2236",,
"Bello, Brayan","678394","2023","668","24",19.8,6.7,"6",".253",".411","85.3","2276","86.2","1771",,,"95","1974"
"Rodriguez, Grayson","680570","2023","515","16",25,8.2,"2",".255",".407","82.3","2402","83.9","1851","79.9","2628",,
"Gray, Josiah","680686","2023","698","22",20.5,11.5,"9",".254",".433","85.9","1878","88.6","1617","82.2","2380","93.1","2120"
"Bradish, Kyle","680694","2023","671","14",25,6.6,"8",".239",".388","88.1","2650","90.8","1383","84.8","2615","95","2217"
"Miller, Bryce","682243","2023","537","18",22.2,4.8,"7",".270",".468","86.6","2416","85","2054","78.2","2333","95.1","2451"
"Waldichuk, Ken","686610","2023","639","24",20.7,11.1,"9",".242",".420",,,"84.2","1619","74.5","2005",,
"Brown, Hunter","686613","2023","665","26",26.8,8.3,"9",".240",".414",,,,,"82.9","2472","96","2142"
"Elder, Bryce","693821","2023","732","19",17.5,8.6,"8",".264",".416","82.7","2414","85","2070",,,"89.5","1970"
"Morton, Charlie","450203","2024","71","2",25.4,11.3,"1",".216",".378",,,"85","2180","81.2","3020","93.1","2181"
"Lynn, Lance","458681","2024","61","3",29.5,9.8,"0",".225",".472","79.7","2468","83.9","1800",,,"90.4","2329"
"Carrasco, Carlos","471911","2024","55","0",20,16.4,"1",".209",".294","83.1","2407","86.1","1411","79.5","2739","90.5","2059"
"Quintana, Jose","500779","2024","70","2",17.1,11.4,"0",".304",".488",,,"85","1295","77.3","2242","89.8","2009"
"Gibson, Kyle","502043","2024","76","5",14.5,7.9,"0",".330",".606",,,"84.5","1684","78.5","2399","91.1","2030"
"Darvish, Yu","506433","2024","101","2",21.8,9.9,"1",".261",".420","85.1","2707",,,"74.8","2639","93.2","2253"
"Kelly, Merrill","518876","2024","72","2",22.2,5.6,"0",".213",".405","85.6","2371","89.2","2215","82.1","2600","92.9","2261"
"Sale, Chris","519242","2024","71","2",28.2,7,"1",".247",".425","78.6","2334","87.5","1828",,,"94.4","2052"
"Pérez, Martín","527048","2024","78","1",19.2,6.4,"0",".247",".358",,,"82.7","1633","77.9","2372","91","1964"
"Anderson, Tyler","542881","2024","71","2",16.9,8.5,"0",".222",".409",,,"79.2","1867",,,"88.5","2251"
"Eovaldi, Nathan","543135","2024","95","3",23.2,6.3,"1",".233",".368","86.9","2110",,,"77.3","1970",,
"Hendricks, Kyle","543294","2024","66","5",12.1,6.1,"0",".350",".600",,,"80.9","2157","73.9","2951","88.1","1970"
"Stripling, Ross","548389","2024","79","1",17.7,6.3,"0",".297",".372","85.2","2311","82.1","1665","74.5","2473","89.7","2045"
"Wheeler, Zack","554430","2024","100","2",30,5,"1",".206",".339",,,,,"80.5","2668","93.7","2244"
"Corbin, Patrick","571578","2024","75","2",13.3,5.3,"0",".316",".452","81.2","2144","80.5","1469",,,"91.5","2098"
"Heaney, Andrew","571760","2024","59","1",16.9,11.9,"3",".201",".326","80.8","2546","83.3","2079","75.6","2570",,
"Matz, Steven","571927","2024","62","0",12.9,4.8,"1",".314",".402","88.3","2166","83.3","2298","77.8","2175","94.5","2214"
"Mikolas, Miles","571945","2024","92","2",16.3,7.6,"0",".321",".458","86.3","2314","84.3","1587","74.9","2498","92.4","2144"
"Paxton, James","572020","2024","68","2",14.7,20.6,"0",".232",".387",,,"83.8","2042","80.5","1907","93.5","2066"
"Stroman, Marcus","573186","2024","69","1",24.6,10.1,"1",".235",".350","86.3","2710",,,,,"90.3","2259"
"Kikuchi, Yusei","579328","2024","65","1",30.8,10.8,"0",".194",".296","89.3","2355","86.8","1650","83.9","2427",,
"Gray, Jon","592351","2024","59","2",23.7,11.9,"0",".322",".563","88.6","2304","88.4","1555","78.9","2437",,
"Williams, Trevor","592866","2024","62","0",22.6,9.7,"0",".234",".394","81.3","2192","82.7","1561",,,"88.3","1898"
"Montas, Frankie","593423","2024","68","1",19.1,5.9,"0",".227",".324","83.9","2456",,,,,"93.6","2219"
"Gonzales, Marco","594835","2024","69","1",15.9,7.2,"0",".292",".479",,,"80.9","2058","79.6","2093","90.1","2072"
"Gomber, Austin","596295","2024","67","3",20.9,11.9,"0",".290",".512","82.7","2379","80.9","1623","76","2564",,
"Bassitt, Chris","605135","2024","75","3",22.7,12,"1",".284",".499","82.6","2350","84.1","1985","70.4","2309","92.1","2101"
"Musgrove, Joe","605397","2024","86","2",19.8,8.1,"5",".351",".529","81.5","2793","86.3","2063","81.1","2810","92.5","2518"
"Nola, Aaron","605400","2024","69","4",14.5,11.6,"0",".298",".469",,,"84.4","1412","78.5","2451","90","2110"
"Turnbull, Spencer","605513","2024","61","1",26.2,8.2,"1",".233",".348","84.5","2646","87.4","2018","77.4","2707","92.8","2277"
"Rea, Colin","607067","2024","71","2",15.5,4.2,"1",".340",".511",,,,,"78.3","2205","91.6","2138"
"Rodón, Carlos","607074","2024","69","2",18.8,10.1,"0",".261",".421","86.7","2573","84.1","1519","81.9","2620",,
"Glasnow, Tyler","607192","2024","90","2",32.2,7.8,"0",".166",".261","91","2728",,,"84.7","2808","96.1","2431"
"Fedde, Erick","607200","2024","67","5",20.9,9,"1",".286",".586",,,,,,,"93.5","1991"
"Freeland, Kyle","607536","2024","87","3",10.3,9.2,"1",".331",".501","86.5","2281","87.6","1519","83.9","2404","91.7","2234"
"Lugo, Seth","607625","2024","76","0",11.8,6.6,"1",".263",".387","85.7","2677","86","1607","78.6","3198","92.2","2395"
"Fried, Max","608331","2024","56","1",17.9,8.9,"1",".276",".385","85.6","2306","85.4","1444","74.6","2730","93.5","2036"
"Wacha, Michael","608379","2024","69","1",24.6,5.8,"0",".245",".350",,,"81.6","1514","75.4","2352","93.1","2037"
"Quantrill, Cal","615698","2024","68","4",14.7,7.4,"0",".283",".470",,,"85.1","1591","80","2460","92.9","2186"
"Waguespack, Jacob","621097","2024","51","1",21.6,19.6,"0",".297",".452",,,"85.6","1568","76","2278",,
"Eflin, Zach","621107","2024","74","4",20.3,2.7,"1",".255",".456",,,"88.5",,"79.8","2496","91.7","2135"
"Blackburn, Paul","621112","2024","71","0",15.5,4.2,"0",".229",".353","81.6","2640","84.9","1699","79.6","2531","90.7","2014"
"Berríos, José","621244","2024","99","2",21.2,7.1,"2",".275",".409",,,"84.8","1533",,,"93.8","2071"
"Wood, Alex","622072","2024","85","2",18.8,11.8,"5",".296",".449","81.5","2053","84.6","1670",,,"90.7","1961"
"Castillo, Luis","622491","2024","99","3",27.3,4,"0",".263",".418","85.2","2262","87.8","1786",,,"95.2","2039"
"Severino, Luis","622663","2024","68","2",25,8.8,"0",".249",".453","86.9","2498","86.2","1549",,,"95.8","2070"
"Flexen, Chris","623167","2024","63","3",11.1,9.5,"0",".315",".598","80.5","2451","80.5","1260","71.6","2483","90.7","2063"
"Suárez, Ranger","624133","2024","63","2",30.2,4.8,"1",".196",".282","83.4","2080","81.9","1233","75.8","2196","90.9","1921"
"Maeda, Kenta","628317","2024","63","4",15.9,7.9,"1",".263",".486","80.7","2515",,,"73.6","2672",,
"Manaea, Sean","640455","2024","65","1",27.7,10.8,"2",".270",".440","86.3","1972","85.6","1552",,,,
"Puk, A.J.","640462","2024","58","1",13.8,24.1,"0",".249",".371","85.8","2139",,,,,"93.7","2077"
"López, Pablo","641154","2024","69","2",23.2,5.8,"0",".255",".388",,,"88.7","2061","81.8","2600","94.9","2120"
"Alexander, Tyler","641302","2024","70","5",17.1,7.1,"0",".246",".460","76.6","2065","81","1723",,,"88.4","2156"
"Cortes Jr., Nestor","641482","2024","92","3",20.7,5.4,"1",".240",".372","82.2","2267","83","1427",,,"89.7","2229"
"Dunning, Dane","641540","2024","75","4",22.7,12,"3",".272",".516","81.1","2346","85.6","1935","75.8","2273","89.9","2129"
"France, J.P.","641585","2024","76","1",15.8,9.2,"1",".289",".427",,,"80.8","1960","74.2","2552","93.1","2452"
"Hudson, Dakota","641712","2024","73","1",15.1,8.2,"0",".260",".420","84.5","2497","83.1","1890","80.3","2298","91.1","2073"
"Littell, Zack","641793","2024","64","0",23.4,7.8,"0",".204",".274","86.7","2232",,,,,"92.2","2017"
"Ober, Bailey","641927","2024","54","3",20.4,5.6,"0",".281",".545","80","2017","83.1","2067","76","2130",,
"Yarbrough, Ryan","642232","2024","60","2",10,6.7,"1",".215",".351",,,"78.2","1883","72","2161","86.3","1841"
"Peralta, Freddy","642547","2024","66","2",39.4,3,"2",".191",".327","81.9","2452","88.6","2013","79.8","2232",,
"Soroka, Michael","647336","2024","89","4",11.2,13.5,"1",".326",".506","81.7","2810","82.1","2202",,,"92.3","2285"
"King, Michael","650633","2024","88","6",21.6,14.8,"0",".261",".539","86.8","2391","86.4","2092",,,"92.3","2261"
"Civale, Aaron","650644","2024","66","3",27.3,6.1,"0",".196",".302",,,,,"76.6","3118","92","2259"
"Sánchez, Cristopher","650911","2024","68","0",22.1,10.3,"0",".234",".320","82.7","2037","84.2","1959",,,"93.7","2121"
"Canning, Griffin","656288","2024","66","5",18.2,6.1,"1",".293",".603","87.4","2542","88.1","1767","80.5","2314",,
"Cease, Dylan","656302","2024","66","1",30.3,9.1,"0",".200",".392","87.8","2779","64.7","1418","82.2","2715",,
"Flaherty, Jack","656427","2024","79","3",25.3,3.8,"3",".252",".402","85.3","2432","84.2","1596","77.5","2447","90.2","2023"
"Houck, Tanner","656557","2024","76","1",25,2.6,"2",".279",".452","83.6","2505",,,,,"93.3","2185"
"Keller, Mitch","656605","2024","106","2",19.8,6.6,"1",".268",".419",,,"90.1","1648","78.9","2683","93.2","2442"
"Webb, Logan","657277","2024","100","1",17,5,"1",".328",".455",,,"87.7","1459",,,"91.9","1960"
"Schmidt, Clarke","657376","2024","63","1",25.4,12.7,"0",".231",".340",,,"87.3","2510","83.2","2998","94.6","2519"
"Ryan, Joe","657746","2024","70","2",34.3,2.9,"1",".180",".326","86.8","2356",,,,,"91.6","1901"
"Suarez, José","660761","2024","54","3",20.4,16.7,"1",".262",".517","85.3","2587","81.8","1539","75.9","2851","90.7","2091"
"Waldron, Matt","663362","2024","66","1",24.2,9.1,"0",".262",".429",,,,,,,"90.6","1921"
"Feltner, Ryan","663372","2024","68","2",26.5,8.8,"1",".180",".282","88.3","2449","85.9","1631","80.8","2470","94.8","2308"
"McKenzie, Triston","663474","2024","62","2",8.1,19.4,"0",".268",".474","85.4","2135",,,"77.2","2149",,
"Falter, Bailey","663559","2024","59","2",10.2,6.8,"0",".256",".448","85.7","1971",,,"78","1863","91.1","1823"
"Irvin, Jake","663623","2024","65","2",21.5,7.7,"0",".282",".461",,,,,"80.4","2497","92.4","2289"
"Sandoval, Patrick","663776","2024","61","0",24.6,11.5,"1",".252",".348","88.4","2514","82.9","1703","77.5","2780","93.8","1948"
"Hicks, Jordan","663855","2024","66","1",19.7,4.5,"1",".196",".273",,,,,,,"95.5","1945"
"Singer, Brady","663903","2024","70","2",25.7,5.7,"2",".214",".351","83.5","2413","88.6","2092",,,"92.2","2277"
"Valdez, Framber","664285","2024","50","0",20,12,"2",".256",".314","84.6","2586","91","1854","80.7","2976","94.3","2164"
"Javier, Cristian","664299","2024","95","1",18.9,11.6,"0",".209",".359","77.9","2573","81.4","2362","75.5","2973",,
"Kremer, Dean","665152","2024","72","4",19.4,2.8,"0",".302",".615",,,,,"78.2","2711","91.9","2098"
"Assad, Javier","665871","2024","64","2",28.1,7.8,"1",".215",".360","79.7","2388","85","1386","76.5","2424","91.9","1874"
"Ragans, Cole","666142","2024","98","1",29.6,7.1,"1",".237",".324","86.4","2498","86.6","2168","81.8","2439",,
"Luzardo, Jesús","666200","2024","88","5",23.9,11.4,"0",".240",".478","84.5","2334","87.3","1988","83.2","2103","96.1","2122"
"Gallen, Zac","668678","2024","89","0",29.2,7.9,"1",".235",".349","85.2","2443","86","1533","80.3","2401","91.6","2274"
"Thompson, Zack","668868","2024","61","4",24.6,9.8,"0",".238",".383","82.7","2027",,,"73.2","2676",,
"Greene, Hunter","668881","2024","73","2",30.1,8.2,"4",".170",".252","86.8","2385",,,"81.3","2474",,
"Ashcraft, Graham","668933","2024","75","3",25.3,5.3,"0",".235",".391","89.1","2805","90","1686",,,"94.7","2291"
"Gore, MacKenzie","669022","2024","65","1",35.4,7.7,"2",".222",".320","91.2","2035","84.7","1880","82.8","2360",,
"Hall, DL","669084","2024","64","4",15.6,7.8,"2",".304",".533","83.3","2369","84.1","1996","79.3","2543",,
"Nelson, Ryne","669194","2024","64","2",20.3,7.8,"0",".258",".462","82.6","2505","84.8","1931","76.3","2531",,
"Burnes, Corbin","669203","2024","92","3",27.2,4.3,"0",".207",".361","86.7","2900","88","2112","80.1","2891","96.1","2435"
"Gilbert, Logan","669302","2024","77","4",29.9,3.9,"0",".237",".436","87.2","1899",,,"82.8","2141","95","2040"
"Wells, Tyler","669330","2024","67","3",19.4,4.5,"0",".314",".623","84.3","2425","85.8","2305","76.1","2657",,
"Skubal, Tarik","669373","2024","65","2",30.8,6.2,"0",".155",".236","87","2062","84.5","1693","78.2","2301","96.2","2084"
"Rogers, Trevor","669432","2024","72","0",19.4,11.1,"0",".267",".364","82.4","2234","86.1","1604",,,"92","2375"
"Blanco, Ronel","669854","2024","76","0",21.1,11.8,"0",".142",".186","86.8","2096","85.6","1496","79.6","2267",,
"Kirby, George","669923","2024","67","1",19.4,3,"1",".275",".408","86","2292",,,"81.1","2434","95.3","2157"
"Francis, Bowden","670102","2024","52","4",28.8,11.5,"1",".237",".477","84.7","2522",,,"73.6","2367",,
"Winckowski, Josh","670174","2024","49","1",30.6,10.2,"1",".250",".411","85.7","2323","91.8","1745",,,"94.9","2007"
"Abbott, Andrew","671096","2024","69","1",15.9,5.8,"1",".235",".379",,,"85","2150","80.4","2797",,
"Allen, Logan","671106","2024","90","4",18.9,6.7,"0",".250",".430",,,"81.3","809",,,,
"Boyle, Joe","671212","2024","61","0",24.6,13.1,"1",".250",".372","87.4","2608",,,"80.4","2473",,
"Detmers, Reid","672282","2024","64","0",40.6,9.4,"1",".195",".264","85.5","2252","84.9","1590","75.5","2540",,
"Bradford, Cody","674003","2024","71","1",23.9,2.8,"0",".202",".354","84.2","2071","81.4","1825","75.7","2121",,
"Henry, Tommy","674072","2024","68","3",22.1,10.3,"1",".275",".503","83.3","2126","83.7","1514","78.2","2287","90.4","2123"
"Grove, Michael","675627","2024","50","0",22,8,"2",".258",".325","86.7","2365",,,"80.1","2571","95.3","2302"
"Hancock, Emerson","676106","2024","66","4",16.7,3,"2",".327",".536","86.3","2179","87.2","1893",,,"93","2324"
"Miller, Bobby","676272","2024","50","2",36,12,"0",".248",".398","90.2","2372","86.3","2270","79.8","2670","97.7","2304"
"Bibee, Tanner","676440","2024","65","2",23.1,12.3,"1",".313",".577","85.2","2707","82.6","1936","79.3","2682",,
"Whitlock, Garrett","676477","2024","59","1",27.1,10.2,"1",".237",".400","84.1","2026","84.6","2118",,,"93.4","2012"
"Sears, JP","676664","2024","66","2",10.6,9.1,"2",".268",".469","80","2468","84.7","1709",,,"91","1793"
"Crawford, Kutter","676710","2024","64","0",28.1,12.5,"1",".135",".199","83.4","2291",,,"77.4","2225",,
"Winn, Keaton","676775","2024","66","1",19.7,10.6,"1",".236",".391","87.8","2263",,,,,"95.1","2283"
"Meyer, Max","676974","2024","65","2",21.5,4.6,"1",".237",".445","88.8","2617","87.1","1774",,,"93.6","2355"
"Crochet, Garrett","676979","2024","88","2",35.2,4.5,"1",".173",".262","83.8","2464","90.6","1886",,,,
"Weathers, Ryan","677960","2024","65","1",18.5,12.3,"3",".264",".475",,,"86.4","1777",,,"94.5","2240"
"Bello, Brayan","678394","2024","88","4",21.6,5.7,"1",".248",".430","87.4","2314","86.6","1813",,,"95.5","2004"
"Marsh, Alec","679525","2024","68","1",14.7,4.4,"0",".289",".406","86.7","2511","87.6","1824","83","2628","93.4","2381"
"Rodriguez, Grayson","680570","2024","74","3",28.4,6.8,"0",".226",".410",,,"83.6","1743","80.5","2714","95.1","2244"
"Miller, Bryce","682243","2024","72","2",23.6,8.3,"0",".234",".385","87","2555",,,,,"94.7","2400"
"Jones, Jared","683003","2024","72","4",34.7,2.8,"1",".232",".419","88","2559","90.7","1705","80.8","2688",,
"Imanaga, Shota","684007","2024","59","0",27.1,3.4,"0",".238",".378",,,,,"73.9","2434",,
"Brown, Hunter","686613","2024","53","2",15.1,13.2,"0",".385",".531","87.1","2291",,,"80.5","2543",,
"Pepiot, Ryan","686752","2024","65","3",30.8,7.7,"0",".208",".368","88.1","2560","86.5","2316","80.8","2635",,
"Harrison, Kyle","690986","2024","68","4",25,4.4,"1",".255",".479","87.3","2093","86.4","1929",,,,
"Pfaadt, Brandon","694297","2024","74","3",23,4.1,"2",".262",".426",,,"87.2","2021","79.1","2498","92.6","2355"
"Stone, Gavin","694813","2024","66","0",22.7,7.6,"0",".273",".349","87.8","2030","87","1697","83.4","2292","95.2","2074"
"Wicks, Jordan","696136","2024","65","0",29.2,12.3,"1",".251",".395","82.5","2743","81.9","1517","78.4","2810","91.8","2155"
"Yamamoto, Yoshinobu","808967","2024","66","2",31.8,6.1,"1",".222",".367","83.4","2637",,,"78.4","2753",,